image,mask
sdXray/datasets/Tuberculosis Segmentation/images/1000.png,sdXray/datasets/Tuberculosis Segmentation/masks/1000.png
sdXray/datasets/Tuberculosis Segmentation/images/1001.png,sdXray/datasets/Tuberculosis Segmentation/masks/1001.png
sdXray/datasets/Tuberculosis Segmentation/images/1002.png,sdXray/datasets/Tuberculosis Segmentation/masks/1002.png
sdXray/datasets/Tuberculosis Segmentation/images/1003.png,sdXray/datasets/Tuberculosis Segmentation/masks/1003.png
sdXray/datasets/Tuberculosis Segmentation/images/1004.png,sdXray/datasets/Tuberculosis Segmentation/masks/1004.png
sdXray/datasets/Tuberculosis Segmentation/images/1005.png,sdXray/datasets/Tuberculosis Segmentation/masks/1005.png
sdXray/datasets/Tuberculosis Segmentation/images/1006.png,sdXray/datasets/Tuberculosis Segmentation/masks/1006.png
sdXray/datasets/Tuberculosis Segmentation/images/1007.png,sdXray/datasets/Tuberculosis Segmentation/masks/1007.png
sdXray/datasets/Tuberculosis Segmentation/images/1008.png,sdXray/datasets/Tuberculosis Segmentation/masks/1008.png
sdXray/datasets/Tuberculosis Segmentation/images/1009.png,sdXray/datasets/Tuberculosis Segmentation/masks/1009.png
sdXray/datasets/Tuberculosis Segmentation/images/1010.png,sdXray/datasets/Tuberculosis Segmentation/masks/1010.png
sdXray/datasets/Tuberculosis Segmentation/images/1011.png,sdXray/datasets/Tuberculosis Segmentation/masks/1011.png
sdXray/datasets/Tuberculosis Segmentation/images/1012.png,sdXray/datasets/Tuberculosis Segmentation/masks/1012.png
sdXray/datasets/Tuberculosis Segmentation/images/1013.png,sdXray/datasets/Tuberculosis Segmentation/masks/1013.png
sdXray/datasets/Tuberculosis Segmentation/images/1014.png,sdXray/datasets/Tuberculosis Segmentation/masks/1014.png
sdXray/datasets/Tuberculosis Segmentation/images/1015.png,sdXray/datasets/Tuberculosis Segmentation/masks/1015.png
sdXray/datasets/Tuberculosis Segmentation/images/1016.png,sdXray/datasets/Tuberculosis Segmentation/masks/1016.png
sdXray/datasets/Tuberculosis Segmentation/images/1017.png,sdXray/datasets/Tuberculosis Segmentation/masks/1017.png
sdXray/datasets/Tuberculosis Segmentation/images/1018.png,sdXray/datasets/Tuberculosis Segmentation/masks/1018.png
sdXray/datasets/Tuberculosis Segmentation/images/1019.png,sdXray/datasets/Tuberculosis Segmentation/masks/1019.png
sdXray/datasets/Tuberculosis Segmentation/images/1020.png,sdXray/datasets/Tuberculosis Segmentation/masks/1020.png
sdXray/datasets/Tuberculosis Segmentation/images/1021.png,sdXray/datasets/Tuberculosis Segmentation/masks/1021.png
sdXray/datasets/Tuberculosis Segmentation/images/1022.png,sdXray/datasets/Tuberculosis Segmentation/masks/1022.png
sdXray/datasets/Tuberculosis Segmentation/images/1023.png,sdXray/datasets/Tuberculosis Segmentation/masks/1023.png
sdXray/datasets/Tuberculosis Segmentation/images/1024.png,sdXray/datasets/Tuberculosis Segmentation/masks/1024.png
sdXray/datasets/Tuberculosis Segmentation/images/1025.png,sdXray/datasets/Tuberculosis Segmentation/masks/1025.png
sdXray/datasets/Tuberculosis Segmentation/images/1026.png,sdXray/datasets/Tuberculosis Segmentation/masks/1026.png
sdXray/datasets/Tuberculosis Segmentation/images/1027.png,sdXray/datasets/Tuberculosis Segmentation/masks/1027.png
sdXray/datasets/Tuberculosis Segmentation/images/1028.png,sdXray/datasets/Tuberculosis Segmentation/masks/1028.png
sdXray/datasets/Tuberculosis Segmentation/images/1029.png,sdXray/datasets/Tuberculosis Segmentation/masks/1029.png
sdXray/datasets/Tuberculosis Segmentation/images/1030.png,sdXray/datasets/Tuberculosis Segmentation/masks/1030.png
sdXray/datasets/Tuberculosis Segmentation/images/1031.png,sdXray/datasets/Tuberculosis Segmentation/masks/1031.png
sdXray/datasets/Tuberculosis Segmentation/images/1032.png,sdXray/datasets/Tuberculosis Segmentation/masks/1032.png
sdXray/datasets/Tuberculosis Segmentation/images/1033.png,sdXray/datasets/Tuberculosis Segmentation/masks/1033.png
sdXray/datasets/Tuberculosis Segmentation/images/1034.png,sdXray/datasets/Tuberculosis Segmentation/masks/1034.png
sdXray/datasets/Tuberculosis Segmentation/images/1035.png,sdXray/datasets/Tuberculosis Segmentation/masks/1035.png
sdXray/datasets/Tuberculosis Segmentation/images/1036.png,sdXray/datasets/Tuberculosis Segmentation/masks/1036.png
sdXray/datasets/Tuberculosis Segmentation/images/1037.png,sdXray/datasets/Tuberculosis Segmentation/masks/1037.png
sdXray/datasets/Tuberculosis Segmentation/images/1038.png,sdXray/datasets/Tuberculosis Segmentation/masks/1038.png
sdXray/datasets/Tuberculosis Segmentation/images/1039.png,sdXray/datasets/Tuberculosis Segmentation/masks/1039.png
sdXray/datasets/Tuberculosis Segmentation/images/1040.png,sdXray/datasets/Tuberculosis Segmentation/masks/1040.png
sdXray/datasets/Tuberculosis Segmentation/images/1041.png,sdXray/datasets/Tuberculosis Segmentation/masks/1041.png
sdXray/datasets/Tuberculosis Segmentation/images/1042.png,sdXray/datasets/Tuberculosis Segmentation/masks/1042.png
sdXray/datasets/Tuberculosis Segmentation/images/1043.png,sdXray/datasets/Tuberculosis Segmentation/masks/1043.png
sdXray/datasets/Tuberculosis Segmentation/images/1044.png,sdXray/datasets/Tuberculosis Segmentation/masks/1044.png
sdXray/datasets/Tuberculosis Segmentation/images/1045.png,sdXray/datasets/Tuberculosis Segmentation/masks/1045.png
sdXray/datasets/Tuberculosis Segmentation/images/1046.png,sdXray/datasets/Tuberculosis Segmentation/masks/1046.png
sdXray/datasets/Tuberculosis Segmentation/images/1047.png,sdXray/datasets/Tuberculosis Segmentation/masks/1047.png
sdXray/datasets/Tuberculosis Segmentation/images/1048.png,sdXray/datasets/Tuberculosis Segmentation/masks/1048.png
sdXray/datasets/Tuberculosis Segmentation/images/1049.png,sdXray/datasets/Tuberculosis Segmentation/masks/1049.png
sdXray/datasets/Tuberculosis Segmentation/images/1050.png,sdXray/datasets/Tuberculosis Segmentation/masks/1050.png
sdXray/datasets/Tuberculosis Segmentation/images/1051.png,sdXray/datasets/Tuberculosis Segmentation/masks/1051.png
sdXray/datasets/Tuberculosis Segmentation/images/1052.png,sdXray/datasets/Tuberculosis Segmentation/masks/1052.png
sdXray/datasets/Tuberculosis Segmentation/images/1053.png,sdXray/datasets/Tuberculosis Segmentation/masks/1053.png
sdXray/datasets/Tuberculosis Segmentation/images/1054.png,sdXray/datasets/Tuberculosis Segmentation/masks/1054.png
sdXray/datasets/Tuberculosis Segmentation/images/1055.png,sdXray/datasets/Tuberculosis Segmentation/masks/1055.png
sdXray/datasets/Tuberculosis Segmentation/images/1056.png,sdXray/datasets/Tuberculosis Segmentation/masks/1056.png
sdXray/datasets/Tuberculosis Segmentation/images/1057.png,sdXray/datasets/Tuberculosis Segmentation/masks/1057.png
sdXray/datasets/Tuberculosis Segmentation/images/1058.png,sdXray/datasets/Tuberculosis Segmentation/masks/1058.png
sdXray/datasets/Tuberculosis Segmentation/images/1059.png,sdXray/datasets/Tuberculosis Segmentation/masks/1059.png
sdXray/datasets/Tuberculosis Segmentation/images/1060.png,sdXray/datasets/Tuberculosis Segmentation/masks/1060.png
sdXray/datasets/Tuberculosis Segmentation/images/1061.png,sdXray/datasets/Tuberculosis Segmentation/masks/1061.png
sdXray/datasets/Tuberculosis Segmentation/images/1062.png,sdXray/datasets/Tuberculosis Segmentation/masks/1062.png
sdXray/datasets/Tuberculosis Segmentation/images/1063.png,sdXray/datasets/Tuberculosis Segmentation/masks/1063.png
sdXray/datasets/Tuberculosis Segmentation/images/1064.png,sdXray/datasets/Tuberculosis Segmentation/masks/1064.png
sdXray/datasets/Tuberculosis Segmentation/images/1065.png,sdXray/datasets/Tuberculosis Segmentation/masks/1065.png
sdXray/datasets/Tuberculosis Segmentation/images/1066.png,sdXray/datasets/Tuberculosis Segmentation/masks/1066.png
sdXray/datasets/Tuberculosis Segmentation/images/1067.png,sdXray/datasets/Tuberculosis Segmentation/masks/1067.png
sdXray/datasets/Tuberculosis Segmentation/images/1068.png,sdXray/datasets/Tuberculosis Segmentation/masks/1068.png
sdXray/datasets/Tuberculosis Segmentation/images/1069.png,sdXray/datasets/Tuberculosis Segmentation/masks/1069.png
sdXray/datasets/Tuberculosis Segmentation/images/1070.png,sdXray/datasets/Tuberculosis Segmentation/masks/1070.png
sdXray/datasets/Tuberculosis Segmentation/images/1071.png,sdXray/datasets/Tuberculosis Segmentation/masks/1071.png
sdXray/datasets/Tuberculosis Segmentation/images/1072.png,sdXray/datasets/Tuberculosis Segmentation/masks/1072.png
sdXray/datasets/Tuberculosis Segmentation/images/1073.png,sdXray/datasets/Tuberculosis Segmentation/masks/1073.png
sdXray/datasets/Tuberculosis Segmentation/images/1074.png,sdXray/datasets/Tuberculosis Segmentation/masks/1074.png
sdXray/datasets/Tuberculosis Segmentation/images/1075.png,sdXray/datasets/Tuberculosis Segmentation/masks/1075.png
sdXray/datasets/Tuberculosis Segmentation/images/1076.png,sdXray/datasets/Tuberculosis Segmentation/masks/1076.png
sdXray/datasets/Tuberculosis Segmentation/images/1077.png,sdXray/datasets/Tuberculosis Segmentation/masks/1077.png
sdXray/datasets/Tuberculosis Segmentation/images/1078.png,sdXray/datasets/Tuberculosis Segmentation/masks/1078.png
sdXray/datasets/Tuberculosis Segmentation/images/1079.png,sdXray/datasets/Tuberculosis Segmentation/masks/1079.png
sdXray/datasets/Tuberculosis Segmentation/images/1080.png,sdXray/datasets/Tuberculosis Segmentation/masks/1080.png
sdXray/datasets/Tuberculosis Segmentation/images/1081.png,sdXray/datasets/Tuberculosis Segmentation/masks/1081.png
sdXray/datasets/Tuberculosis Segmentation/images/1082.png,sdXray/datasets/Tuberculosis Segmentation/masks/1082.png
sdXray/datasets/Tuberculosis Segmentation/images/1083.png,sdXray/datasets/Tuberculosis Segmentation/masks/1083.png
sdXray/datasets/Tuberculosis Segmentation/images/1084.png,sdXray/datasets/Tuberculosis Segmentation/masks/1084.png
sdXray/datasets/Tuberculosis Segmentation/images/1085.png,sdXray/datasets/Tuberculosis Segmentation/masks/1085.png
sdXray/datasets/Tuberculosis Segmentation/images/1086.png,sdXray/datasets/Tuberculosis Segmentation/masks/1086.png
sdXray/datasets/Tuberculosis Segmentation/images/1087.png,sdXray/datasets/Tuberculosis Segmentation/masks/1087.png
sdXray/datasets/Tuberculosis Segmentation/images/1088.png,sdXray/datasets/Tuberculosis Segmentation/masks/1088.png
sdXray/datasets/Tuberculosis Segmentation/images/1089.png,sdXray/datasets/Tuberculosis Segmentation/masks/1089.png
sdXray/datasets/Tuberculosis Segmentation/images/1090.png,sdXray/datasets/Tuberculosis Segmentation/masks/1090.png
sdXray/datasets/Tuberculosis Segmentation/images/1091.png,sdXray/datasets/Tuberculosis Segmentation/masks/1091.png
sdXray/datasets/Tuberculosis Segmentation/images/1092.png,sdXray/datasets/Tuberculosis Segmentation/masks/1092.png
sdXray/datasets/Tuberculosis Segmentation/images/1093.png,sdXray/datasets/Tuberculosis Segmentation/masks/1093.png
sdXray/datasets/Tuberculosis Segmentation/images/1094.png,sdXray/datasets/Tuberculosis Segmentation/masks/1094.png
sdXray/datasets/Tuberculosis Segmentation/images/1095.png,sdXray/datasets/Tuberculosis Segmentation/masks/1095.png
sdXray/datasets/Tuberculosis Segmentation/images/1096.png,sdXray/datasets/Tuberculosis Segmentation/masks/1096.png
sdXray/datasets/Tuberculosis Segmentation/images/1097.png,sdXray/datasets/Tuberculosis Segmentation/masks/1097.png
sdXray/datasets/Tuberculosis Segmentation/images/1098.png,sdXray/datasets/Tuberculosis Segmentation/masks/1098.png
sdXray/datasets/Tuberculosis Segmentation/images/1099.png,sdXray/datasets/Tuberculosis Segmentation/masks/1099.png
sdXray/datasets/Tuberculosis Segmentation/images/1100.png,sdXray/datasets/Tuberculosis Segmentation/masks/1100.png
sdXray/datasets/Tuberculosis Segmentation/images/1101.png,sdXray/datasets/Tuberculosis Segmentation/masks/1101.png
sdXray/datasets/Tuberculosis Segmentation/images/1102.png,sdXray/datasets/Tuberculosis Segmentation/masks/1102.png
sdXray/datasets/Tuberculosis Segmentation/images/1103.png,sdXray/datasets/Tuberculosis Segmentation/masks/1103.png
sdXray/datasets/Tuberculosis Segmentation/images/1104.png,sdXray/datasets/Tuberculosis Segmentation/masks/1104.png
sdXray/datasets/Tuberculosis Segmentation/images/1105.png,sdXray/datasets/Tuberculosis Segmentation/masks/1105.png
sdXray/datasets/Tuberculosis Segmentation/images/1106.png,sdXray/datasets/Tuberculosis Segmentation/masks/1106.png
sdXray/datasets/Tuberculosis Segmentation/images/1107.png,sdXray/datasets/Tuberculosis Segmentation/masks/1107.png
sdXray/datasets/Tuberculosis Segmentation/images/1108.png,sdXray/datasets/Tuberculosis Segmentation/masks/1108.png
sdXray/datasets/Tuberculosis Segmentation/images/1109.png,sdXray/datasets/Tuberculosis Segmentation/masks/1109.png
sdXray/datasets/Tuberculosis Segmentation/images/1110.png,sdXray/datasets/Tuberculosis Segmentation/masks/1110.png
sdXray/datasets/Tuberculosis Segmentation/images/1111.png,sdXray/datasets/Tuberculosis Segmentation/masks/1111.png
sdXray/datasets/Tuberculosis Segmentation/images/1112.png,sdXray/datasets/Tuberculosis Segmentation/masks/1112.png
sdXray/datasets/Tuberculosis Segmentation/images/1113.png,sdXray/datasets/Tuberculosis Segmentation/masks/1113.png
sdXray/datasets/Tuberculosis Segmentation/images/1114.png,sdXray/datasets/Tuberculosis Segmentation/masks/1114.png
sdXray/datasets/Tuberculosis Segmentation/images/1115.png,sdXray/datasets/Tuberculosis Segmentation/masks/1115.png
sdXray/datasets/Tuberculosis Segmentation/images/1116.png,sdXray/datasets/Tuberculosis Segmentation/masks/1116.png
sdXray/datasets/Tuberculosis Segmentation/images/1117.png,sdXray/datasets/Tuberculosis Segmentation/masks/1117.png
sdXray/datasets/Tuberculosis Segmentation/images/1118.png,sdXray/datasets/Tuberculosis Segmentation/masks/1118.png
sdXray/datasets/Tuberculosis Segmentation/images/1119.png,sdXray/datasets/Tuberculosis Segmentation/masks/1119.png
sdXray/datasets/Tuberculosis Segmentation/images/1120.png,sdXray/datasets/Tuberculosis Segmentation/masks/1120.png
sdXray/datasets/Tuberculosis Segmentation/images/1121.png,sdXray/datasets/Tuberculosis Segmentation/masks/1121.png
sdXray/datasets/Tuberculosis Segmentation/images/1122.png,sdXray/datasets/Tuberculosis Segmentation/masks/1122.png
sdXray/datasets/Tuberculosis Segmentation/images/1123.png,sdXray/datasets/Tuberculosis Segmentation/masks/1123.png
sdXray/datasets/Tuberculosis Segmentation/images/1124.png,sdXray/datasets/Tuberculosis Segmentation/masks/1124.png
sdXray/datasets/Tuberculosis Segmentation/images/1125.png,sdXray/datasets/Tuberculosis Segmentation/masks/1125.png
sdXray/datasets/Tuberculosis Segmentation/images/1126.png,sdXray/datasets/Tuberculosis Segmentation/masks/1126.png
sdXray/datasets/Tuberculosis Segmentation/images/1127.png,sdXray/datasets/Tuberculosis Segmentation/masks/1127.png
sdXray/datasets/Tuberculosis Segmentation/images/1128.png,sdXray/datasets/Tuberculosis Segmentation/masks/1128.png
sdXray/datasets/Tuberculosis Segmentation/images/1129.png,sdXray/datasets/Tuberculosis Segmentation/masks/1129.png
sdXray/datasets/Tuberculosis Segmentation/images/1130.png,sdXray/datasets/Tuberculosis Segmentation/masks/1130.png
sdXray/datasets/Tuberculosis Segmentation/images/1131.png,sdXray/datasets/Tuberculosis Segmentation/masks/1131.png
sdXray/datasets/Tuberculosis Segmentation/images/1132.png,sdXray/datasets/Tuberculosis Segmentation/masks/1132.png
sdXray/datasets/Tuberculosis Segmentation/images/1133.png,sdXray/datasets/Tuberculosis Segmentation/masks/1133.png
sdXray/datasets/Tuberculosis Segmentation/images/1134.png,sdXray/datasets/Tuberculosis Segmentation/masks/1134.png
sdXray/datasets/Tuberculosis Segmentation/images/1135.png,sdXray/datasets/Tuberculosis Segmentation/masks/1135.png
sdXray/datasets/Tuberculosis Segmentation/images/1136.png,sdXray/datasets/Tuberculosis Segmentation/masks/1136.png
sdXray/datasets/Tuberculosis Segmentation/images/1137.png,sdXray/datasets/Tuberculosis Segmentation/masks/1137.png
sdXray/datasets/Tuberculosis Segmentation/images/1138.png,sdXray/datasets/Tuberculosis Segmentation/masks/1138.png
sdXray/datasets/Tuberculosis Segmentation/images/1139.png,sdXray/datasets/Tuberculosis Segmentation/masks/1139.png
sdXray/datasets/Tuberculosis Segmentation/images/1140.png,sdXray/datasets/Tuberculosis Segmentation/masks/1140.png
sdXray/datasets/Tuberculosis Segmentation/images/1141.png,sdXray/datasets/Tuberculosis Segmentation/masks/1141.png
sdXray/datasets/Tuberculosis Segmentation/images/1142.png,sdXray/datasets/Tuberculosis Segmentation/masks/1142.png
sdXray/datasets/Tuberculosis Segmentation/images/1143.png,sdXray/datasets/Tuberculosis Segmentation/masks/1143.png
sdXray/datasets/Tuberculosis Segmentation/images/1144.png,sdXray/datasets/Tuberculosis Segmentation/masks/1144.png
sdXray/datasets/Tuberculosis Segmentation/images/1145.png,sdXray/datasets/Tuberculosis Segmentation/masks/1145.png
sdXray/datasets/Tuberculosis Segmentation/images/1146.png,sdXray/datasets/Tuberculosis Segmentation/masks/1146.png
sdXray/datasets/Tuberculosis Segmentation/images/1147.png,sdXray/datasets/Tuberculosis Segmentation/masks/1147.png
sdXray/datasets/Tuberculosis Segmentation/images/1148.png,sdXray/datasets/Tuberculosis Segmentation/masks/1148.png
sdXray/datasets/Tuberculosis Segmentation/images/1149.png,sdXray/datasets/Tuberculosis Segmentation/masks/1149.png
sdXray/datasets/Tuberculosis Segmentation/images/1150.png,sdXray/datasets/Tuberculosis Segmentation/masks/1150.png
sdXray/datasets/Tuberculosis Segmentation/images/1151.png,sdXray/datasets/Tuberculosis Segmentation/masks/1151.png
sdXray/datasets/Tuberculosis Segmentation/images/1152.png,sdXray/datasets/Tuberculosis Segmentation/masks/1152.png
sdXray/datasets/Tuberculosis Segmentation/images/1153.png,sdXray/datasets/Tuberculosis Segmentation/masks/1153.png
sdXray/datasets/Tuberculosis Segmentation/images/1154.png,sdXray/datasets/Tuberculosis Segmentation/masks/1154.png
sdXray/datasets/Tuberculosis Segmentation/images/1155.png,sdXray/datasets/Tuberculosis Segmentation/masks/1155.png
sdXray/datasets/Tuberculosis Segmentation/images/1156.png,sdXray/datasets/Tuberculosis Segmentation/masks/1156.png
sdXray/datasets/Tuberculosis Segmentation/images/1157.png,sdXray/datasets/Tuberculosis Segmentation/masks/1157.png
sdXray/datasets/Tuberculosis Segmentation/images/1158.png,sdXray/datasets/Tuberculosis Segmentation/masks/1158.png
sdXray/datasets/Tuberculosis Segmentation/images/1159.png,sdXray/datasets/Tuberculosis Segmentation/masks/1159.png
sdXray/datasets/Tuberculosis Segmentation/images/1160.png,sdXray/datasets/Tuberculosis Segmentation/masks/1160.png
sdXray/datasets/Tuberculosis Segmentation/images/1161.png,sdXray/datasets/Tuberculosis Segmentation/masks/1161.png
sdXray/datasets/Tuberculosis Segmentation/images/1162.png,sdXray/datasets/Tuberculosis Segmentation/masks/1162.png
sdXray/datasets/Tuberculosis Segmentation/images/1163.png,sdXray/datasets/Tuberculosis Segmentation/masks/1163.png
sdXray/datasets/Tuberculosis Segmentation/images/1164.png,sdXray/datasets/Tuberculosis Segmentation/masks/1164.png
sdXray/datasets/Tuberculosis Segmentation/images/1165.png,sdXray/datasets/Tuberculosis Segmentation/masks/1165.png
sdXray/datasets/Tuberculosis Segmentation/images/1166.png,sdXray/datasets/Tuberculosis Segmentation/masks/1166.png
sdXray/datasets/Tuberculosis Segmentation/images/1167.png,sdXray/datasets/Tuberculosis Segmentation/masks/1167.png
sdXray/datasets/Tuberculosis Segmentation/images/1168.png,sdXray/datasets/Tuberculosis Segmentation/masks/1168.png
sdXray/datasets/Tuberculosis Segmentation/images/1169.png,sdXray/datasets/Tuberculosis Segmentation/masks/1169.png
sdXray/datasets/Tuberculosis Segmentation/images/1170.png,sdXray/datasets/Tuberculosis Segmentation/masks/1170.png
sdXray/datasets/Tuberculosis Segmentation/images/1171.png,sdXray/datasets/Tuberculosis Segmentation/masks/1171.png
sdXray/datasets/Tuberculosis Segmentation/images/1172.png,sdXray/datasets/Tuberculosis Segmentation/masks/1172.png
sdXray/datasets/Tuberculosis Segmentation/images/1173.png,sdXray/datasets/Tuberculosis Segmentation/masks/1173.png
sdXray/datasets/Tuberculosis Segmentation/images/1174.png,sdXray/datasets/Tuberculosis Segmentation/masks/1174.png
sdXray/datasets/Tuberculosis Segmentation/images/1175.png,sdXray/datasets/Tuberculosis Segmentation/masks/1175.png
sdXray/datasets/Tuberculosis Segmentation/images/1176.png,sdXray/datasets/Tuberculosis Segmentation/masks/1176.png
sdXray/datasets/Tuberculosis Segmentation/images/1177.png,sdXray/datasets/Tuberculosis Segmentation/masks/1177.png
sdXray/datasets/Tuberculosis Segmentation/images/1178.png,sdXray/datasets/Tuberculosis Segmentation/masks/1178.png
sdXray/datasets/Tuberculosis Segmentation/images/1179.png,sdXray/datasets/Tuberculosis Segmentation/masks/1179.png
sdXray/datasets/Tuberculosis Segmentation/images/1180.png,sdXray/datasets/Tuberculosis Segmentation/masks/1180.png
sdXray/datasets/Tuberculosis Segmentation/images/1181.png,sdXray/datasets/Tuberculosis Segmentation/masks/1181.png
sdXray/datasets/Tuberculosis Segmentation/images/1182.png,sdXray/datasets/Tuberculosis Segmentation/masks/1182.png
sdXray/datasets/Tuberculosis Segmentation/images/1183.png,sdXray/datasets/Tuberculosis Segmentation/masks/1183.png
sdXray/datasets/Tuberculosis Segmentation/images/1184.png,sdXray/datasets/Tuberculosis Segmentation/masks/1184.png
sdXray/datasets/Tuberculosis Segmentation/images/1185.png,sdXray/datasets/Tuberculosis Segmentation/masks/1185.png
sdXray/datasets/Tuberculosis Segmentation/images/1186.png,sdXray/datasets/Tuberculosis Segmentation/masks/1186.png
sdXray/datasets/Tuberculosis Segmentation/images/1187.png,sdXray/datasets/Tuberculosis Segmentation/masks/1187.png
sdXray/datasets/Tuberculosis Segmentation/images/1188.png,sdXray/datasets/Tuberculosis Segmentation/masks/1188.png
sdXray/datasets/Tuberculosis Segmentation/images/1189.png,sdXray/datasets/Tuberculosis Segmentation/masks/1189.png
sdXray/datasets/Tuberculosis Segmentation/images/1190.png,sdXray/datasets/Tuberculosis Segmentation/masks/1190.png
sdXray/datasets/Tuberculosis Segmentation/images/1191.png,sdXray/datasets/Tuberculosis Segmentation/masks/1191.png
sdXray/datasets/Tuberculosis Segmentation/images/1192.png,sdXray/datasets/Tuberculosis Segmentation/masks/1192.png
sdXray/datasets/Tuberculosis Segmentation/images/1193.png,sdXray/datasets/Tuberculosis Segmentation/masks/1193.png
sdXray/datasets/Tuberculosis Segmentation/images/1194.png,sdXray/datasets/Tuberculosis Segmentation/masks/1194.png
sdXray/datasets/Tuberculosis Segmentation/images/1195.png,sdXray/datasets/Tuberculosis Segmentation/masks/1195.png
sdXray/datasets/Tuberculosis Segmentation/images/1196.png,sdXray/datasets/Tuberculosis Segmentation/masks/1196.png
sdXray/datasets/Tuberculosis Segmentation/images/1197.png,sdXray/datasets/Tuberculosis Segmentation/masks/1197.png
sdXray/datasets/Tuberculosis Segmentation/images/1198.png,sdXray/datasets/Tuberculosis Segmentation/masks/1198.png
sdXray/datasets/Tuberculosis Segmentation/images/1199.png,sdXray/datasets/Tuberculosis Segmentation/masks/1199.png
sdXray/datasets/Tuberculosis Segmentation/images/1200.png,sdXray/datasets/Tuberculosis Segmentation/masks/1200.png
sdXray/datasets/Tuberculosis Segmentation/images/1201.png,sdXray/datasets/Tuberculosis Segmentation/masks/1201.png
sdXray/datasets/Tuberculosis Segmentation/images/1202.png,sdXray/datasets/Tuberculosis Segmentation/masks/1202.png
sdXray/datasets/Tuberculosis Segmentation/images/1203.png,sdXray/datasets/Tuberculosis Segmentation/masks/1203.png
sdXray/datasets/Tuberculosis Segmentation/images/1204.png,sdXray/datasets/Tuberculosis Segmentation/masks/1204.png
sdXray/datasets/Tuberculosis Segmentation/images/1205.png,sdXray/datasets/Tuberculosis Segmentation/masks/1205.png
sdXray/datasets/Tuberculosis Segmentation/images/1206.png,sdXray/datasets/Tuberculosis Segmentation/masks/1206.png
sdXray/datasets/Tuberculosis Segmentation/images/1207.png,sdXray/datasets/Tuberculosis Segmentation/masks/1207.png
sdXray/datasets/Tuberculosis Segmentation/images/1208.png,sdXray/datasets/Tuberculosis Segmentation/masks/1208.png
sdXray/datasets/Tuberculosis Segmentation/images/1209.png,sdXray/datasets/Tuberculosis Segmentation/masks/1209.png
sdXray/datasets/Tuberculosis Segmentation/images/1210.png,sdXray/datasets/Tuberculosis Segmentation/masks/1210.png
sdXray/datasets/Tuberculosis Segmentation/images/1211.png,sdXray/datasets/Tuberculosis Segmentation/masks/1211.png
sdXray/datasets/Tuberculosis Segmentation/images/1212.png,sdXray/datasets/Tuberculosis Segmentation/masks/1212.png
sdXray/datasets/Tuberculosis Segmentation/images/1213.png,sdXray/datasets/Tuberculosis Segmentation/masks/1213.png
sdXray/datasets/Tuberculosis Segmentation/images/1214.png,sdXray/datasets/Tuberculosis Segmentation/masks/1214.png
sdXray/datasets/Tuberculosis Segmentation/images/1215.png,sdXray/datasets/Tuberculosis Segmentation/masks/1215.png
sdXray/datasets/Tuberculosis Segmentation/images/1216.png,sdXray/datasets/Tuberculosis Segmentation/masks/1216.png
sdXray/datasets/Tuberculosis Segmentation/images/1217.png,sdXray/datasets/Tuberculosis Segmentation/masks/1217.png
sdXray/datasets/Tuberculosis Segmentation/images/1218.png,sdXray/datasets/Tuberculosis Segmentation/masks/1218.png
sdXray/datasets/Tuberculosis Segmentation/images/1219.png,sdXray/datasets/Tuberculosis Segmentation/masks/1219.png
sdXray/datasets/Tuberculosis Segmentation/images/1220.png,sdXray/datasets/Tuberculosis Segmentation/masks/1220.png
sdXray/datasets/Tuberculosis Segmentation/images/1221.png,sdXray/datasets/Tuberculosis Segmentation/masks/1221.png
sdXray/datasets/Tuberculosis Segmentation/images/1222.png,sdXray/datasets/Tuberculosis Segmentation/masks/1222.png
sdXray/datasets/Tuberculosis Segmentation/images/1223.png,sdXray/datasets/Tuberculosis Segmentation/masks/1223.png
sdXray/datasets/Tuberculosis Segmentation/images/1224.png,sdXray/datasets/Tuberculosis Segmentation/masks/1224.png
sdXray/datasets/Tuberculosis Segmentation/images/1225.png,sdXray/datasets/Tuberculosis Segmentation/masks/1225.png
sdXray/datasets/Tuberculosis Segmentation/images/1226.png,sdXray/datasets/Tuberculosis Segmentation/masks/1226.png
sdXray/datasets/Tuberculosis Segmentation/images/1227.png,sdXray/datasets/Tuberculosis Segmentation/masks/1227.png
sdXray/datasets/Tuberculosis Segmentation/images/1228.png,sdXray/datasets/Tuberculosis Segmentation/masks/1228.png
sdXray/datasets/Tuberculosis Segmentation/images/1229.png,sdXray/datasets/Tuberculosis Segmentation/masks/1229.png
sdXray/datasets/Tuberculosis Segmentation/images/1230.png,sdXray/datasets/Tuberculosis Segmentation/masks/1230.png
sdXray/datasets/Tuberculosis Segmentation/images/1231.png,sdXray/datasets/Tuberculosis Segmentation/masks/1231.png
sdXray/datasets/Tuberculosis Segmentation/images/1232.png,sdXray/datasets/Tuberculosis Segmentation/masks/1232.png
sdXray/datasets/Tuberculosis Segmentation/images/1233.png,sdXray/datasets/Tuberculosis Segmentation/masks/1233.png
sdXray/datasets/Tuberculosis Segmentation/images/1234.png,sdXray/datasets/Tuberculosis Segmentation/masks/1234.png
sdXray/datasets/Tuberculosis Segmentation/images/1235.png,sdXray/datasets/Tuberculosis Segmentation/masks/1235.png
sdXray/datasets/Tuberculosis Segmentation/images/1236.png,sdXray/datasets/Tuberculosis Segmentation/masks/1236.png
sdXray/datasets/Tuberculosis Segmentation/images/1237.png,sdXray/datasets/Tuberculosis Segmentation/masks/1237.png
sdXray/datasets/Tuberculosis Segmentation/images/1238.png,sdXray/datasets/Tuberculosis Segmentation/masks/1238.png
sdXray/datasets/Tuberculosis Segmentation/images/1239.png,sdXray/datasets/Tuberculosis Segmentation/masks/1239.png
sdXray/datasets/Tuberculosis Segmentation/images/1240.png,sdXray/datasets/Tuberculosis Segmentation/masks/1240.png
sdXray/datasets/Tuberculosis Segmentation/images/1241.png,sdXray/datasets/Tuberculosis Segmentation/masks/1241.png
sdXray/datasets/Tuberculosis Segmentation/images/1242.png,sdXray/datasets/Tuberculosis Segmentation/masks/1242.png
sdXray/datasets/Tuberculosis Segmentation/images/1243.png,sdXray/datasets/Tuberculosis Segmentation/masks/1243.png
sdXray/datasets/Tuberculosis Segmentation/images/1244.png,sdXray/datasets/Tuberculosis Segmentation/masks/1244.png
sdXray/datasets/Tuberculosis Segmentation/images/1245.png,sdXray/datasets/Tuberculosis Segmentation/masks/1245.png
sdXray/datasets/Tuberculosis Segmentation/images/1246.png,sdXray/datasets/Tuberculosis Segmentation/masks/1246.png
sdXray/datasets/Tuberculosis Segmentation/images/1247.png,sdXray/datasets/Tuberculosis Segmentation/masks/1247.png
sdXray/datasets/Tuberculosis Segmentation/images/1248.png,sdXray/datasets/Tuberculosis Segmentation/masks/1248.png
sdXray/datasets/Tuberculosis Segmentation/images/1249.png,sdXray/datasets/Tuberculosis Segmentation/masks/1249.png
sdXray/datasets/Tuberculosis Segmentation/images/1250.png,sdXray/datasets/Tuberculosis Segmentation/masks/1250.png
sdXray/datasets/Tuberculosis Segmentation/images/1251.png,sdXray/datasets/Tuberculosis Segmentation/masks/1251.png
sdXray/datasets/Tuberculosis Segmentation/images/1252.png,sdXray/datasets/Tuberculosis Segmentation/masks/1252.png
sdXray/datasets/Tuberculosis Segmentation/images/1253.png,sdXray/datasets/Tuberculosis Segmentation/masks/1253.png
sdXray/datasets/Tuberculosis Segmentation/images/1254.png,sdXray/datasets/Tuberculosis Segmentation/masks/1254.png
sdXray/datasets/Tuberculosis Segmentation/images/1255.png,sdXray/datasets/Tuberculosis Segmentation/masks/1255.png
sdXray/datasets/Tuberculosis Segmentation/images/1256.png,sdXray/datasets/Tuberculosis Segmentation/masks/1256.png
sdXray/datasets/Tuberculosis Segmentation/images/1257.png,sdXray/datasets/Tuberculosis Segmentation/masks/1257.png
sdXray/datasets/Tuberculosis Segmentation/images/1258.png,sdXray/datasets/Tuberculosis Segmentation/masks/1258.png
sdXray/datasets/Tuberculosis Segmentation/images/1259.png,sdXray/datasets/Tuberculosis Segmentation/masks/1259.png
sdXray/datasets/Tuberculosis Segmentation/images/1260.png,sdXray/datasets/Tuberculosis Segmentation/masks/1260.png
sdXray/datasets/Tuberculosis Segmentation/images/1261.png,sdXray/datasets/Tuberculosis Segmentation/masks/1261.png
sdXray/datasets/Tuberculosis Segmentation/images/1262.png,sdXray/datasets/Tuberculosis Segmentation/masks/1262.png
sdXray/datasets/Tuberculosis Segmentation/images/1263.png,sdXray/datasets/Tuberculosis Segmentation/masks/1263.png
sdXray/datasets/Tuberculosis Segmentation/images/1264.png,sdXray/datasets/Tuberculosis Segmentation/masks/1264.png
sdXray/datasets/Tuberculosis Segmentation/images/1265.png,sdXray/datasets/Tuberculosis Segmentation/masks/1265.png
sdXray/datasets/Tuberculosis Segmentation/images/1266.png,sdXray/datasets/Tuberculosis Segmentation/masks/1266.png
sdXray/datasets/Tuberculosis Segmentation/images/1267.png,sdXray/datasets/Tuberculosis Segmentation/masks/1267.png
sdXray/datasets/Tuberculosis Segmentation/images/1268.png,sdXray/datasets/Tuberculosis Segmentation/masks/1268.png
sdXray/datasets/Tuberculosis Segmentation/images/1269.png,sdXray/datasets/Tuberculosis Segmentation/masks/1269.png
sdXray/datasets/Tuberculosis Segmentation/images/1270.png,sdXray/datasets/Tuberculosis Segmentation/masks/1270.png
sdXray/datasets/Tuberculosis Segmentation/images/1271.png,sdXray/datasets/Tuberculosis Segmentation/masks/1271.png
sdXray/datasets/Tuberculosis Segmentation/images/1272.png,sdXray/datasets/Tuberculosis Segmentation/masks/1272.png
sdXray/datasets/Tuberculosis Segmentation/images/1273.png,sdXray/datasets/Tuberculosis Segmentation/masks/1273.png
sdXray/datasets/Tuberculosis Segmentation/images/1274.png,sdXray/datasets/Tuberculosis Segmentation/masks/1274.png
sdXray/datasets/Tuberculosis Segmentation/images/1275.png,sdXray/datasets/Tuberculosis Segmentation/masks/1275.png
sdXray/datasets/Tuberculosis Segmentation/images/1276.png,sdXray/datasets/Tuberculosis Segmentation/masks/1276.png
sdXray/datasets/Tuberculosis Segmentation/images/1277.png,sdXray/datasets/Tuberculosis Segmentation/masks/1277.png
sdXray/datasets/Tuberculosis Segmentation/images/1278.png,sdXray/datasets/Tuberculosis Segmentation/masks/1278.png
sdXray/datasets/Tuberculosis Segmentation/images/1279.png,sdXray/datasets/Tuberculosis Segmentation/masks/1279.png
sdXray/datasets/Tuberculosis Segmentation/images/1280.png,sdXray/datasets/Tuberculosis Segmentation/masks/1280.png
sdXray/datasets/Tuberculosis Segmentation/images/1281.png,sdXray/datasets/Tuberculosis Segmentation/masks/1281.png
sdXray/datasets/Tuberculosis Segmentation/images/1282.png,sdXray/datasets/Tuberculosis Segmentation/masks/1282.png
sdXray/datasets/Tuberculosis Segmentation/images/1283.png,sdXray/datasets/Tuberculosis Segmentation/masks/1283.png
sdXray/datasets/Tuberculosis Segmentation/images/1284.png,sdXray/datasets/Tuberculosis Segmentation/masks/1284.png
sdXray/datasets/Tuberculosis Segmentation/images/1285.png,sdXray/datasets/Tuberculosis Segmentation/masks/1285.png
sdXray/datasets/Tuberculosis Segmentation/images/1286.png,sdXray/datasets/Tuberculosis Segmentation/masks/1286.png
sdXray/datasets/Tuberculosis Segmentation/images/1287.png,sdXray/datasets/Tuberculosis Segmentation/masks/1287.png
sdXray/datasets/Tuberculosis Segmentation/images/1288.png,sdXray/datasets/Tuberculosis Segmentation/masks/1288.png
sdXray/datasets/Tuberculosis Segmentation/images/1289.png,sdXray/datasets/Tuberculosis Segmentation/masks/1289.png
sdXray/datasets/Tuberculosis Segmentation/images/1290.png,sdXray/datasets/Tuberculosis Segmentation/masks/1290.png
sdXray/datasets/Tuberculosis Segmentation/images/1291.png,sdXray/datasets/Tuberculosis Segmentation/masks/1291.png
sdXray/datasets/Tuberculosis Segmentation/images/1292.png,sdXray/datasets/Tuberculosis Segmentation/masks/1292.png
sdXray/datasets/Tuberculosis Segmentation/images/1293.png,sdXray/datasets/Tuberculosis Segmentation/masks/1293.png
sdXray/datasets/Tuberculosis Segmentation/images/1294.png,sdXray/datasets/Tuberculosis Segmentation/masks/1294.png
sdXray/datasets/Tuberculosis Segmentation/images/1295.png,sdXray/datasets/Tuberculosis Segmentation/masks/1295.png
sdXray/datasets/Tuberculosis Segmentation/images/1296.png,sdXray/datasets/Tuberculosis Segmentation/masks/1296.png
sdXray/datasets/Tuberculosis Segmentation/images/1297.png,sdXray/datasets/Tuberculosis Segmentation/masks/1297.png
sdXray/datasets/Tuberculosis Segmentation/images/1298.png,sdXray/datasets/Tuberculosis Segmentation/masks/1298.png
sdXray/datasets/Tuberculosis Segmentation/images/1299.png,sdXray/datasets/Tuberculosis Segmentation/masks/1299.png
sdXray/datasets/Tuberculosis Segmentation/images/1300.png,sdXray/datasets/Tuberculosis Segmentation/masks/1300.png
sdXray/datasets/Tuberculosis Segmentation/images/1301.png,sdXray/datasets/Tuberculosis Segmentation/masks/1301.png
sdXray/datasets/Tuberculosis Segmentation/images/1302.png,sdXray/datasets/Tuberculosis Segmentation/masks/1302.png
sdXray/datasets/Tuberculosis Segmentation/images/1303.png,sdXray/datasets/Tuberculosis Segmentation/masks/1303.png
sdXray/datasets/Tuberculosis Segmentation/images/1304.png,sdXray/datasets/Tuberculosis Segmentation/masks/1304.png
sdXray/datasets/Tuberculosis Segmentation/images/1305.png,sdXray/datasets/Tuberculosis Segmentation/masks/1305.png
sdXray/datasets/Tuberculosis Segmentation/images/1306.png,sdXray/datasets/Tuberculosis Segmentation/masks/1306.png
sdXray/datasets/Tuberculosis Segmentation/images/1307.png,sdXray/datasets/Tuberculosis Segmentation/masks/1307.png
sdXray/datasets/Tuberculosis Segmentation/images/1308.png,sdXray/datasets/Tuberculosis Segmentation/masks/1308.png
sdXray/datasets/Tuberculosis Segmentation/images/1309.png,sdXray/datasets/Tuberculosis Segmentation/masks/1309.png
sdXray/datasets/Tuberculosis Segmentation/images/1310.png,sdXray/datasets/Tuberculosis Segmentation/masks/1310.png
sdXray/datasets/Tuberculosis Segmentation/images/1311.png,sdXray/datasets/Tuberculosis Segmentation/masks/1311.png
sdXray/datasets/Tuberculosis Segmentation/images/1312.png,sdXray/datasets/Tuberculosis Segmentation/masks/1312.png
sdXray/datasets/Tuberculosis Segmentation/images/1313.png,sdXray/datasets/Tuberculosis Segmentation/masks/1313.png
sdXray/datasets/Tuberculosis Segmentation/images/1314.png,sdXray/datasets/Tuberculosis Segmentation/masks/1314.png
sdXray/datasets/Tuberculosis Segmentation/images/1315.png,sdXray/datasets/Tuberculosis Segmentation/masks/1315.png
sdXray/datasets/Tuberculosis Segmentation/images/1316.png,sdXray/datasets/Tuberculosis Segmentation/masks/1316.png
sdXray/datasets/Tuberculosis Segmentation/images/1317.png,sdXray/datasets/Tuberculosis Segmentation/masks/1317.png
sdXray/datasets/Tuberculosis Segmentation/images/1318.png,sdXray/datasets/Tuberculosis Segmentation/masks/1318.png
sdXray/datasets/Tuberculosis Segmentation/images/1319.png,sdXray/datasets/Tuberculosis Segmentation/masks/1319.png
sdXray/datasets/Tuberculosis Segmentation/images/1320.png,sdXray/datasets/Tuberculosis Segmentation/masks/1320.png
sdXray/datasets/Tuberculosis Segmentation/images/1321.png,sdXray/datasets/Tuberculosis Segmentation/masks/1321.png
sdXray/datasets/Tuberculosis Segmentation/images/1322.png,sdXray/datasets/Tuberculosis Segmentation/masks/1322.png
sdXray/datasets/Tuberculosis Segmentation/images/1323.png,sdXray/datasets/Tuberculosis Segmentation/masks/1323.png
sdXray/datasets/Tuberculosis Segmentation/images/1324.png,sdXray/datasets/Tuberculosis Segmentation/masks/1324.png
sdXray/datasets/Tuberculosis Segmentation/images/1325.png,sdXray/datasets/Tuberculosis Segmentation/masks/1325.png
sdXray/datasets/Tuberculosis Segmentation/images/1326.png,sdXray/datasets/Tuberculosis Segmentation/masks/1326.png
sdXray/datasets/Tuberculosis Segmentation/images/1327.png,sdXray/datasets/Tuberculosis Segmentation/masks/1327.png
sdXray/datasets/Tuberculosis Segmentation/images/1328.png,sdXray/datasets/Tuberculosis Segmentation/masks/1328.png
sdXray/datasets/Tuberculosis Segmentation/images/1329.png,sdXray/datasets/Tuberculosis Segmentation/masks/1329.png
sdXray/datasets/Tuberculosis Segmentation/images/1330.png,sdXray/datasets/Tuberculosis Segmentation/masks/1330.png
sdXray/datasets/Tuberculosis Segmentation/images/1331.png,sdXray/datasets/Tuberculosis Segmentation/masks/1331.png
sdXray/datasets/Tuberculosis Segmentation/images/1332.png,sdXray/datasets/Tuberculosis Segmentation/masks/1332.png
sdXray/datasets/Tuberculosis Segmentation/images/1333.png,sdXray/datasets/Tuberculosis Segmentation/masks/1333.png
sdXray/datasets/Tuberculosis Segmentation/images/1334.png,sdXray/datasets/Tuberculosis Segmentation/masks/1334.png
sdXray/datasets/Tuberculosis Segmentation/images/1335.png,sdXray/datasets/Tuberculosis Segmentation/masks/1335.png
sdXray/datasets/Tuberculosis Segmentation/images/1336.png,sdXray/datasets/Tuberculosis Segmentation/masks/1336.png
sdXray/datasets/Tuberculosis Segmentation/images/1337.png,sdXray/datasets/Tuberculosis Segmentation/masks/1337.png
sdXray/datasets/Tuberculosis Segmentation/images/1338.png,sdXray/datasets/Tuberculosis Segmentation/masks/1338.png
sdXray/datasets/Tuberculosis Segmentation/images/1339.png,sdXray/datasets/Tuberculosis Segmentation/masks/1339.png
sdXray/datasets/Tuberculosis Segmentation/images/1340.png,sdXray/datasets/Tuberculosis Segmentation/masks/1340.png
sdXray/datasets/Tuberculosis Segmentation/images/1341.png,sdXray/datasets/Tuberculosis Segmentation/masks/1341.png
sdXray/datasets/Tuberculosis Segmentation/images/1342.png,sdXray/datasets/Tuberculosis Segmentation/masks/1342.png
sdXray/datasets/Tuberculosis Segmentation/images/1343.png,sdXray/datasets/Tuberculosis Segmentation/masks/1343.png
sdXray/datasets/Tuberculosis Segmentation/images/1344.png,sdXray/datasets/Tuberculosis Segmentation/masks/1344.png
sdXray/datasets/Tuberculosis Segmentation/images/1345.png,sdXray/datasets/Tuberculosis Segmentation/masks/1345.png
sdXray/datasets/Tuberculosis Segmentation/images/1346.png,sdXray/datasets/Tuberculosis Segmentation/masks/1346.png
sdXray/datasets/Tuberculosis Segmentation/images/1347.png,sdXray/datasets/Tuberculosis Segmentation/masks/1347.png
sdXray/datasets/Tuberculosis Segmentation/images/1348.png,sdXray/datasets/Tuberculosis Segmentation/masks/1348.png
sdXray/datasets/Tuberculosis Segmentation/images/1349.png,sdXray/datasets/Tuberculosis Segmentation/masks/1349.png
sdXray/datasets/Tuberculosis Segmentation/images/1350.png,sdXray/datasets/Tuberculosis Segmentation/masks/1350.png
sdXray/datasets/Tuberculosis Segmentation/images/1351.png,sdXray/datasets/Tuberculosis Segmentation/masks/1351.png
sdXray/datasets/Tuberculosis Segmentation/images/1352.png,sdXray/datasets/Tuberculosis Segmentation/masks/1352.png
sdXray/datasets/Tuberculosis Segmentation/images/1353.png,sdXray/datasets/Tuberculosis Segmentation/masks/1353.png
sdXray/datasets/Tuberculosis Segmentation/images/1354.png,sdXray/datasets/Tuberculosis Segmentation/masks/1354.png
sdXray/datasets/Tuberculosis Segmentation/images/1355.png,sdXray/datasets/Tuberculosis Segmentation/masks/1355.png
sdXray/datasets/Tuberculosis Segmentation/images/1356.png,sdXray/datasets/Tuberculosis Segmentation/masks/1356.png
sdXray/datasets/Tuberculosis Segmentation/images/1357.png,sdXray/datasets/Tuberculosis Segmentation/masks/1357.png
sdXray/datasets/Tuberculosis Segmentation/images/1358.png,sdXray/datasets/Tuberculosis Segmentation/masks/1358.png
sdXray/datasets/Tuberculosis Segmentation/images/1359.png,sdXray/datasets/Tuberculosis Segmentation/masks/1359.png
sdXray/datasets/Tuberculosis Segmentation/images/1360.png,sdXray/datasets/Tuberculosis Segmentation/masks/1360.png
sdXray/datasets/Tuberculosis Segmentation/images/1361.png,sdXray/datasets/Tuberculosis Segmentation/masks/1361.png
sdXray/datasets/Tuberculosis Segmentation/images/1362.png,sdXray/datasets/Tuberculosis Segmentation/masks/1362.png
sdXray/datasets/Tuberculosis Segmentation/images/1363.png,sdXray/datasets/Tuberculosis Segmentation/masks/1363.png
sdXray/datasets/Tuberculosis Segmentation/images/1364.png,sdXray/datasets/Tuberculosis Segmentation/masks/1364.png
sdXray/datasets/Tuberculosis Segmentation/images/1365.png,sdXray/datasets/Tuberculosis Segmentation/masks/1365.png
sdXray/datasets/Tuberculosis Segmentation/images/1366.png,sdXray/datasets/Tuberculosis Segmentation/masks/1366.png
sdXray/datasets/Tuberculosis Segmentation/images/1367.png,sdXray/datasets/Tuberculosis Segmentation/masks/1367.png
sdXray/datasets/Tuberculosis Segmentation/images/1368.png,sdXray/datasets/Tuberculosis Segmentation/masks/1368.png
sdXray/datasets/Tuberculosis Segmentation/images/1369.png,sdXray/datasets/Tuberculosis Segmentation/masks/1369.png
sdXray/datasets/Tuberculosis Segmentation/images/1370.png,sdXray/datasets/Tuberculosis Segmentation/masks/1370.png
sdXray/datasets/Tuberculosis Segmentation/images/1371.png,sdXray/datasets/Tuberculosis Segmentation/masks/1371.png
sdXray/datasets/Tuberculosis Segmentation/images/1372.png,sdXray/datasets/Tuberculosis Segmentation/masks/1372.png
sdXray/datasets/Tuberculosis Segmentation/images/1373.png,sdXray/datasets/Tuberculosis Segmentation/masks/1373.png
sdXray/datasets/Tuberculosis Segmentation/images/1374.png,sdXray/datasets/Tuberculosis Segmentation/masks/1374.png
sdXray/datasets/Tuberculosis Segmentation/images/1375.png,sdXray/datasets/Tuberculosis Segmentation/masks/1375.png
sdXray/datasets/Tuberculosis Segmentation/images/1376.png,sdXray/datasets/Tuberculosis Segmentation/masks/1376.png
sdXray/datasets/Tuberculosis Segmentation/images/1377.png,sdXray/datasets/Tuberculosis Segmentation/masks/1377.png
sdXray/datasets/Tuberculosis Segmentation/images/1378.png,sdXray/datasets/Tuberculosis Segmentation/masks/1378.png
sdXray/datasets/Tuberculosis Segmentation/images/1379.png,sdXray/datasets/Tuberculosis Segmentation/masks/1379.png
sdXray/datasets/Tuberculosis Segmentation/images/1380.png,sdXray/datasets/Tuberculosis Segmentation/masks/1380.png
sdXray/datasets/Tuberculosis Segmentation/images/1381.png,sdXray/datasets/Tuberculosis Segmentation/masks/1381.png
sdXray/datasets/Tuberculosis Segmentation/images/1382.png,sdXray/datasets/Tuberculosis Segmentation/masks/1382.png
sdXray/datasets/Tuberculosis Segmentation/images/1383.png,sdXray/datasets/Tuberculosis Segmentation/masks/1383.png
sdXray/datasets/Tuberculosis Segmentation/images/1384.png,sdXray/datasets/Tuberculosis Segmentation/masks/1384.png
sdXray/datasets/Tuberculosis Segmentation/images/1385.png,sdXray/datasets/Tuberculosis Segmentation/masks/1385.png
sdXray/datasets/Tuberculosis Segmentation/images/1386.png,sdXray/datasets/Tuberculosis Segmentation/masks/1386.png
sdXray/datasets/Tuberculosis Segmentation/images/1387.png,sdXray/datasets/Tuberculosis Segmentation/masks/1387.png
sdXray/datasets/Tuberculosis Segmentation/images/1388.png,sdXray/datasets/Tuberculosis Segmentation/masks/1388.png
sdXray/datasets/Tuberculosis Segmentation/images/1389.png,sdXray/datasets/Tuberculosis Segmentation/masks/1389.png
sdXray/datasets/Tuberculosis Segmentation/images/1390.png,sdXray/datasets/Tuberculosis Segmentation/masks/1390.png
sdXray/datasets/Tuberculosis Segmentation/images/1391.png,sdXray/datasets/Tuberculosis Segmentation/masks/1391.png
sdXray/datasets/Tuberculosis Segmentation/images/1392.png,sdXray/datasets/Tuberculosis Segmentation/masks/1392.png
sdXray/datasets/Tuberculosis Segmentation/images/1393.png,sdXray/datasets/Tuberculosis Segmentation/masks/1393.png
sdXray/datasets/Tuberculosis Segmentation/images/1394.png,sdXray/datasets/Tuberculosis Segmentation/masks/1394.png
sdXray/datasets/Tuberculosis Segmentation/images/1395.png,sdXray/datasets/Tuberculosis Segmentation/masks/1395.png
sdXray/datasets/Tuberculosis Segmentation/images/1396.png,sdXray/datasets/Tuberculosis Segmentation/masks/1396.png
sdXray/datasets/Tuberculosis Segmentation/images/1397.png,sdXray/datasets/Tuberculosis Segmentation/masks/1397.png
sdXray/datasets/Tuberculosis Segmentation/images/1398.png,sdXray/datasets/Tuberculosis Segmentation/masks/1398.png
sdXray/datasets/Tuberculosis Segmentation/images/1399.png,sdXray/datasets/Tuberculosis Segmentation/masks/1399.png
sdXray/datasets/Tuberculosis Segmentation/images/1400.png,sdXray/datasets/Tuberculosis Segmentation/masks/1400.png
sdXray/datasets/Tuberculosis Segmentation/images/1401.png,sdXray/datasets/Tuberculosis Segmentation/masks/1401.png
sdXray/datasets/Tuberculosis Segmentation/images/1402.png,sdXray/datasets/Tuberculosis Segmentation/masks/1402.png
sdXray/datasets/Tuberculosis Segmentation/images/1403.png,sdXray/datasets/Tuberculosis Segmentation/masks/1403.png
sdXray/datasets/Tuberculosis Segmentation/images/1404.png,sdXray/datasets/Tuberculosis Segmentation/masks/1404.png
sdXray/datasets/Tuberculosis Segmentation/images/1405.png,sdXray/datasets/Tuberculosis Segmentation/masks/1405.png
sdXray/datasets/Tuberculosis Segmentation/images/1406.png,sdXray/datasets/Tuberculosis Segmentation/masks/1406.png
sdXray/datasets/Tuberculosis Segmentation/images/1407.png,sdXray/datasets/Tuberculosis Segmentation/masks/1407.png
sdXray/datasets/Tuberculosis Segmentation/images/1408.png,sdXray/datasets/Tuberculosis Segmentation/masks/1408.png
sdXray/datasets/Tuberculosis Segmentation/images/1409.png,sdXray/datasets/Tuberculosis Segmentation/masks/1409.png
sdXray/datasets/Tuberculosis Segmentation/images/1410.png,sdXray/datasets/Tuberculosis Segmentation/masks/1410.png
sdXray/datasets/Tuberculosis Segmentation/images/1411.png,sdXray/datasets/Tuberculosis Segmentation/masks/1411.png
sdXray/datasets/Tuberculosis Segmentation/images/1412.png,sdXray/datasets/Tuberculosis Segmentation/masks/1412.png
sdXray/datasets/Tuberculosis Segmentation/images/1413.png,sdXray/datasets/Tuberculosis Segmentation/masks/1413.png
sdXray/datasets/Tuberculosis Segmentation/images/1414.png,sdXray/datasets/Tuberculosis Segmentation/masks/1414.png
sdXray/datasets/Tuberculosis Segmentation/images/1415.png,sdXray/datasets/Tuberculosis Segmentation/masks/1415.png
sdXray/datasets/Tuberculosis Segmentation/images/1416.png,sdXray/datasets/Tuberculosis Segmentation/masks/1416.png
sdXray/datasets/Tuberculosis Segmentation/images/1417.png,sdXray/datasets/Tuberculosis Segmentation/masks/1417.png
sdXray/datasets/Tuberculosis Segmentation/images/1418.png,sdXray/datasets/Tuberculosis Segmentation/masks/1418.png
sdXray/datasets/Tuberculosis Segmentation/images/1419.png,sdXray/datasets/Tuberculosis Segmentation/masks/1419.png
sdXray/datasets/Tuberculosis Segmentation/images/1420.png,sdXray/datasets/Tuberculosis Segmentation/masks/1420.png
sdXray/datasets/Tuberculosis Segmentation/images/1421.png,sdXray/datasets/Tuberculosis Segmentation/masks/1421.png
sdXray/datasets/Tuberculosis Segmentation/images/1422.png,sdXray/datasets/Tuberculosis Segmentation/masks/1422.png
sdXray/datasets/Tuberculosis Segmentation/images/1423.png,sdXray/datasets/Tuberculosis Segmentation/masks/1423.png
sdXray/datasets/Tuberculosis Segmentation/images/1424.png,sdXray/datasets/Tuberculosis Segmentation/masks/1424.png
sdXray/datasets/Tuberculosis Segmentation/images/1425.png,sdXray/datasets/Tuberculosis Segmentation/masks/1425.png
sdXray/datasets/Tuberculosis Segmentation/images/1426.png,sdXray/datasets/Tuberculosis Segmentation/masks/1426.png
sdXray/datasets/Tuberculosis Segmentation/images/1427.png,sdXray/datasets/Tuberculosis Segmentation/masks/1427.png
sdXray/datasets/Tuberculosis Segmentation/images/1428.png,sdXray/datasets/Tuberculosis Segmentation/masks/1428.png
sdXray/datasets/Tuberculosis Segmentation/images/1429.png,sdXray/datasets/Tuberculosis Segmentation/masks/1429.png
sdXray/datasets/Tuberculosis Segmentation/images/1430.png,sdXray/datasets/Tuberculosis Segmentation/masks/1430.png
sdXray/datasets/Tuberculosis Segmentation/images/1431.png,sdXray/datasets/Tuberculosis Segmentation/masks/1431.png
sdXray/datasets/Tuberculosis Segmentation/images/1432.png,sdXray/datasets/Tuberculosis Segmentation/masks/1432.png
sdXray/datasets/Tuberculosis Segmentation/images/1433.png,sdXray/datasets/Tuberculosis Segmentation/masks/1433.png
sdXray/datasets/Tuberculosis Segmentation/images/1434.png,sdXray/datasets/Tuberculosis Segmentation/masks/1434.png
sdXray/datasets/Tuberculosis Segmentation/images/1435.png,sdXray/datasets/Tuberculosis Segmentation/masks/1435.png
sdXray/datasets/Tuberculosis Segmentation/images/1436.png,sdXray/datasets/Tuberculosis Segmentation/masks/1436.png
sdXray/datasets/Tuberculosis Segmentation/images/1437.png,sdXray/datasets/Tuberculosis Segmentation/masks/1437.png
sdXray/datasets/Tuberculosis Segmentation/images/1438.png,sdXray/datasets/Tuberculosis Segmentation/masks/1438.png
sdXray/datasets/Tuberculosis Segmentation/images/1439.png,sdXray/datasets/Tuberculosis Segmentation/masks/1439.png
sdXray/datasets/Tuberculosis Segmentation/images/1440.png,sdXray/datasets/Tuberculosis Segmentation/masks/1440.png
sdXray/datasets/Tuberculosis Segmentation/images/1441.png,sdXray/datasets/Tuberculosis Segmentation/masks/1441.png
sdXray/datasets/Tuberculosis Segmentation/images/1442.png,sdXray/datasets/Tuberculosis Segmentation/masks/1442.png
sdXray/datasets/Tuberculosis Segmentation/images/1443.png,sdXray/datasets/Tuberculosis Segmentation/masks/1443.png
sdXray/datasets/Tuberculosis Segmentation/images/1444.png,sdXray/datasets/Tuberculosis Segmentation/masks/1444.png
sdXray/datasets/Tuberculosis Segmentation/images/1445.png,sdXray/datasets/Tuberculosis Segmentation/masks/1445.png
sdXray/datasets/Tuberculosis Segmentation/images/1446.png,sdXray/datasets/Tuberculosis Segmentation/masks/1446.png
sdXray/datasets/Tuberculosis Segmentation/images/1447.png,sdXray/datasets/Tuberculosis Segmentation/masks/1447.png
sdXray/datasets/Tuberculosis Segmentation/images/1448.png,sdXray/datasets/Tuberculosis Segmentation/masks/1448.png
sdXray/datasets/Tuberculosis Segmentation/images/1449.png,sdXray/datasets/Tuberculosis Segmentation/masks/1449.png
sdXray/datasets/Tuberculosis Segmentation/images/1450.png,sdXray/datasets/Tuberculosis Segmentation/masks/1450.png
sdXray/datasets/Tuberculosis Segmentation/images/1451.png,sdXray/datasets/Tuberculosis Segmentation/masks/1451.png
sdXray/datasets/Tuberculosis Segmentation/images/1452.png,sdXray/datasets/Tuberculosis Segmentation/masks/1452.png
sdXray/datasets/Tuberculosis Segmentation/images/1453.png,sdXray/datasets/Tuberculosis Segmentation/masks/1453.png
sdXray/datasets/Tuberculosis Segmentation/images/1454.png,sdXray/datasets/Tuberculosis Segmentation/masks/1454.png
sdXray/datasets/Tuberculosis Segmentation/images/1455.png,sdXray/datasets/Tuberculosis Segmentation/masks/1455.png
sdXray/datasets/Tuberculosis Segmentation/images/1456.png,sdXray/datasets/Tuberculosis Segmentation/masks/1456.png
sdXray/datasets/Tuberculosis Segmentation/images/1457.png,sdXray/datasets/Tuberculosis Segmentation/masks/1457.png
sdXray/datasets/Tuberculosis Segmentation/images/1458.png,sdXray/datasets/Tuberculosis Segmentation/masks/1458.png
sdXray/datasets/Tuberculosis Segmentation/images/1459.png,sdXray/datasets/Tuberculosis Segmentation/masks/1459.png
sdXray/datasets/Tuberculosis Segmentation/images/1460.png,sdXray/datasets/Tuberculosis Segmentation/masks/1460.png
sdXray/datasets/Tuberculosis Segmentation/images/1461.png,sdXray/datasets/Tuberculosis Segmentation/masks/1461.png
sdXray/datasets/Tuberculosis Segmentation/images/1462.png,sdXray/datasets/Tuberculosis Segmentation/masks/1462.png
sdXray/datasets/Tuberculosis Segmentation/images/1463.png,sdXray/datasets/Tuberculosis Segmentation/masks/1463.png
sdXray/datasets/Tuberculosis Segmentation/images/1464.png,sdXray/datasets/Tuberculosis Segmentation/masks/1464.png
sdXray/datasets/Tuberculosis Segmentation/images/1465.png,sdXray/datasets/Tuberculosis Segmentation/masks/1465.png
sdXray/datasets/Tuberculosis Segmentation/images/1466.png,sdXray/datasets/Tuberculosis Segmentation/masks/1466.png
sdXray/datasets/Tuberculosis Segmentation/images/1467.png,sdXray/datasets/Tuberculosis Segmentation/masks/1467.png
sdXray/datasets/Tuberculosis Segmentation/images/1468.png,sdXray/datasets/Tuberculosis Segmentation/masks/1468.png
sdXray/datasets/Tuberculosis Segmentation/images/1469.png,sdXray/datasets/Tuberculosis Segmentation/masks/1469.png
sdXray/datasets/Tuberculosis Segmentation/images/1470.png,sdXray/datasets/Tuberculosis Segmentation/masks/1470.png
sdXray/datasets/Tuberculosis Segmentation/images/1471.png,sdXray/datasets/Tuberculosis Segmentation/masks/1471.png
sdXray/datasets/Tuberculosis Segmentation/images/1472.png,sdXray/datasets/Tuberculosis Segmentation/masks/1472.png
sdXray/datasets/Tuberculosis Segmentation/images/1473.png,sdXray/datasets/Tuberculosis Segmentation/masks/1473.png
sdXray/datasets/Tuberculosis Segmentation/images/1474.png,sdXray/datasets/Tuberculosis Segmentation/masks/1474.png
sdXray/datasets/Tuberculosis Segmentation/images/1475.png,sdXray/datasets/Tuberculosis Segmentation/masks/1475.png
sdXray/datasets/Tuberculosis Segmentation/images/1476.png,sdXray/datasets/Tuberculosis Segmentation/masks/1476.png
sdXray/datasets/Tuberculosis Segmentation/images/1477.png,sdXray/datasets/Tuberculosis Segmentation/masks/1477.png
sdXray/datasets/Tuberculosis Segmentation/images/1478.png,sdXray/datasets/Tuberculosis Segmentation/masks/1478.png
sdXray/datasets/Tuberculosis Segmentation/images/1479.png,sdXray/datasets/Tuberculosis Segmentation/masks/1479.png
sdXray/datasets/Tuberculosis Segmentation/images/1480.png,sdXray/datasets/Tuberculosis Segmentation/masks/1480.png
sdXray/datasets/Tuberculosis Segmentation/images/1481.png,sdXray/datasets/Tuberculosis Segmentation/masks/1481.png
sdXray/datasets/Tuberculosis Segmentation/images/1482.png,sdXray/datasets/Tuberculosis Segmentation/masks/1482.png
sdXray/datasets/Tuberculosis Segmentation/images/1483.png,sdXray/datasets/Tuberculosis Segmentation/masks/1483.png
sdXray/datasets/Tuberculosis Segmentation/images/1484.png,sdXray/datasets/Tuberculosis Segmentation/masks/1484.png
sdXray/datasets/Tuberculosis Segmentation/images/1485.png,sdXray/datasets/Tuberculosis Segmentation/masks/1485.png
sdXray/datasets/Tuberculosis Segmentation/images/1486.png,sdXray/datasets/Tuberculosis Segmentation/masks/1486.png
sdXray/datasets/Tuberculosis Segmentation/images/1487.png,sdXray/datasets/Tuberculosis Segmentation/masks/1487.png
sdXray/datasets/Tuberculosis Segmentation/images/1488.png,sdXray/datasets/Tuberculosis Segmentation/masks/1488.png
sdXray/datasets/Tuberculosis Segmentation/images/1489.png,sdXray/datasets/Tuberculosis Segmentation/masks/1489.png
sdXray/datasets/Tuberculosis Segmentation/images/1490.png,sdXray/datasets/Tuberculosis Segmentation/masks/1490.png
sdXray/datasets/Tuberculosis Segmentation/images/1491.png,sdXray/datasets/Tuberculosis Segmentation/masks/1491.png
sdXray/datasets/Tuberculosis Segmentation/images/1492.png,sdXray/datasets/Tuberculosis Segmentation/masks/1492.png
sdXray/datasets/Tuberculosis Segmentation/images/1493.png,sdXray/datasets/Tuberculosis Segmentation/masks/1493.png
sdXray/datasets/Tuberculosis Segmentation/images/1494.png,sdXray/datasets/Tuberculosis Segmentation/masks/1494.png
sdXray/datasets/Tuberculosis Segmentation/images/1495.png,sdXray/datasets/Tuberculosis Segmentation/masks/1495.png
sdXray/datasets/Tuberculosis Segmentation/images/1496.png,sdXray/datasets/Tuberculosis Segmentation/masks/1496.png
sdXray/datasets/Tuberculosis Segmentation/images/1497.png,sdXray/datasets/Tuberculosis Segmentation/masks/1497.png
sdXray/datasets/Tuberculosis Segmentation/images/1498.png,sdXray/datasets/Tuberculosis Segmentation/masks/1498.png
sdXray/datasets/Tuberculosis Segmentation/images/1499.png,sdXray/datasets/Tuberculosis Segmentation/masks/1499.png
sdXray/datasets/Tuberculosis Segmentation/images/1500.png,sdXray/datasets/Tuberculosis Segmentation/masks/1500.png
sdXray/datasets/Tuberculosis Segmentation/images/1501.png,sdXray/datasets/Tuberculosis Segmentation/masks/1501.png
sdXray/datasets/Tuberculosis Segmentation/images/1502.png,sdXray/datasets/Tuberculosis Segmentation/masks/1502.png
sdXray/datasets/Tuberculosis Segmentation/images/1503.png,sdXray/datasets/Tuberculosis Segmentation/masks/1503.png
sdXray/datasets/Tuberculosis Segmentation/images/1504.png,sdXray/datasets/Tuberculosis Segmentation/masks/1504.png
sdXray/datasets/Tuberculosis Segmentation/images/1505.png,sdXray/datasets/Tuberculosis Segmentation/masks/1505.png
sdXray/datasets/Tuberculosis Segmentation/images/1506.png,sdXray/datasets/Tuberculosis Segmentation/masks/1506.png
sdXray/datasets/Tuberculosis Segmentation/images/1507.png,sdXray/datasets/Tuberculosis Segmentation/masks/1507.png
sdXray/datasets/Tuberculosis Segmentation/images/1508.png,sdXray/datasets/Tuberculosis Segmentation/masks/1508.png
sdXray/datasets/Tuberculosis Segmentation/images/1509.png,sdXray/datasets/Tuberculosis Segmentation/masks/1509.png
sdXray/datasets/Tuberculosis Segmentation/images/1510.png,sdXray/datasets/Tuberculosis Segmentation/masks/1510.png
sdXray/datasets/Tuberculosis Segmentation/images/1511.png,sdXray/datasets/Tuberculosis Segmentation/masks/1511.png
sdXray/datasets/Tuberculosis Segmentation/images/1512.png,sdXray/datasets/Tuberculosis Segmentation/masks/1512.png
sdXray/datasets/Tuberculosis Segmentation/images/1513.png,sdXray/datasets/Tuberculosis Segmentation/masks/1513.png
sdXray/datasets/Tuberculosis Segmentation/images/1514.png,sdXray/datasets/Tuberculosis Segmentation/masks/1514.png
sdXray/datasets/Tuberculosis Segmentation/images/1515.png,sdXray/datasets/Tuberculosis Segmentation/masks/1515.png
sdXray/datasets/Tuberculosis Segmentation/images/1516.png,sdXray/datasets/Tuberculosis Segmentation/masks/1516.png
sdXray/datasets/Tuberculosis Segmentation/images/1517.png,sdXray/datasets/Tuberculosis Segmentation/masks/1517.png
sdXray/datasets/Tuberculosis Segmentation/images/1518.png,sdXray/datasets/Tuberculosis Segmentation/masks/1518.png
sdXray/datasets/Tuberculosis Segmentation/images/1519.png,sdXray/datasets/Tuberculosis Segmentation/masks/1519.png
sdXray/datasets/Tuberculosis Segmentation/images/1520.png,sdXray/datasets/Tuberculosis Segmentation/masks/1520.png
sdXray/datasets/Tuberculosis Segmentation/images/1521.png,sdXray/datasets/Tuberculosis Segmentation/masks/1521.png
sdXray/datasets/Tuberculosis Segmentation/images/1522.png,sdXray/datasets/Tuberculosis Segmentation/masks/1522.png
sdXray/datasets/Tuberculosis Segmentation/images/1523.png,sdXray/datasets/Tuberculosis Segmentation/masks/1523.png
sdXray/datasets/Tuberculosis Segmentation/images/1524.png,sdXray/datasets/Tuberculosis Segmentation/masks/1524.png
sdXray/datasets/Tuberculosis Segmentation/images/1525.png,sdXray/datasets/Tuberculosis Segmentation/masks/1525.png
sdXray/datasets/Tuberculosis Segmentation/images/1526.png,sdXray/datasets/Tuberculosis Segmentation/masks/1526.png
sdXray/datasets/Tuberculosis Segmentation/images/1527.png,sdXray/datasets/Tuberculosis Segmentation/masks/1527.png
sdXray/datasets/Tuberculosis Segmentation/images/1528.png,sdXray/datasets/Tuberculosis Segmentation/masks/1528.png
sdXray/datasets/Tuberculosis Segmentation/images/1529.png,sdXray/datasets/Tuberculosis Segmentation/masks/1529.png
sdXray/datasets/Tuberculosis Segmentation/images/1530.png,sdXray/datasets/Tuberculosis Segmentation/masks/1530.png
sdXray/datasets/Tuberculosis Segmentation/images/1531.png,sdXray/datasets/Tuberculosis Segmentation/masks/1531.png
sdXray/datasets/Tuberculosis Segmentation/images/1532.png,sdXray/datasets/Tuberculosis Segmentation/masks/1532.png
sdXray/datasets/Tuberculosis Segmentation/images/1533.png,sdXray/datasets/Tuberculosis Segmentation/masks/1533.png
sdXray/datasets/Tuberculosis Segmentation/images/1534.png,sdXray/datasets/Tuberculosis Segmentation/masks/1534.png
sdXray/datasets/Tuberculosis Segmentation/images/1535.png,sdXray/datasets/Tuberculosis Segmentation/masks/1535.png
sdXray/datasets/Tuberculosis Segmentation/images/1536.png,sdXray/datasets/Tuberculosis Segmentation/masks/1536.png
sdXray/datasets/Tuberculosis Segmentation/images/1537.png,sdXray/datasets/Tuberculosis Segmentation/masks/1537.png
sdXray/datasets/Tuberculosis Segmentation/images/1538.png,sdXray/datasets/Tuberculosis Segmentation/masks/1538.png
sdXray/datasets/Tuberculosis Segmentation/images/1539.png,sdXray/datasets/Tuberculosis Segmentation/masks/1539.png
sdXray/datasets/Tuberculosis Segmentation/images/1540.png,sdXray/datasets/Tuberculosis Segmentation/masks/1540.png
sdXray/datasets/Tuberculosis Segmentation/images/1541.png,sdXray/datasets/Tuberculosis Segmentation/masks/1541.png
sdXray/datasets/Tuberculosis Segmentation/images/1542.png,sdXray/datasets/Tuberculosis Segmentation/masks/1542.png
sdXray/datasets/Tuberculosis Segmentation/images/1543.png,sdXray/datasets/Tuberculosis Segmentation/masks/1543.png
sdXray/datasets/Tuberculosis Segmentation/images/1544.png,sdXray/datasets/Tuberculosis Segmentation/masks/1544.png
sdXray/datasets/Tuberculosis Segmentation/images/1545.png,sdXray/datasets/Tuberculosis Segmentation/masks/1545.png
sdXray/datasets/Tuberculosis Segmentation/images/1546.png,sdXray/datasets/Tuberculosis Segmentation/masks/1546.png
sdXray/datasets/Tuberculosis Segmentation/images/1547.png,sdXray/datasets/Tuberculosis Segmentation/masks/1547.png
sdXray/datasets/Tuberculosis Segmentation/images/1548.png,sdXray/datasets/Tuberculosis Segmentation/masks/1548.png
sdXray/datasets/Tuberculosis Segmentation/images/1549.png,sdXray/datasets/Tuberculosis Segmentation/masks/1549.png
sdXray/datasets/Tuberculosis Segmentation/images/1550.png,sdXray/datasets/Tuberculosis Segmentation/masks/1550.png
sdXray/datasets/Tuberculosis Segmentation/images/1551.png,sdXray/datasets/Tuberculosis Segmentation/masks/1551.png
sdXray/datasets/Tuberculosis Segmentation/images/1552.png,sdXray/datasets/Tuberculosis Segmentation/masks/1552.png
sdXray/datasets/Tuberculosis Segmentation/images/1553.png,sdXray/datasets/Tuberculosis Segmentation/masks/1553.png
sdXray/datasets/Tuberculosis Segmentation/images/1554.png,sdXray/datasets/Tuberculosis Segmentation/masks/1554.png
sdXray/datasets/Tuberculosis Segmentation/images/1555.png,sdXray/datasets/Tuberculosis Segmentation/masks/1555.png
sdXray/datasets/Tuberculosis Segmentation/images/1556.png,sdXray/datasets/Tuberculosis Segmentation/masks/1556.png
sdXray/datasets/Tuberculosis Segmentation/images/1557.png,sdXray/datasets/Tuberculosis Segmentation/masks/1557.png
sdXray/datasets/Tuberculosis Segmentation/images/1558.png,sdXray/datasets/Tuberculosis Segmentation/masks/1558.png
sdXray/datasets/Tuberculosis Segmentation/images/1559.png,sdXray/datasets/Tuberculosis Segmentation/masks/1559.png
sdXray/datasets/Tuberculosis Segmentation/images/1560.png,sdXray/datasets/Tuberculosis Segmentation/masks/1560.png
sdXray/datasets/Tuberculosis Segmentation/images/1561.png,sdXray/datasets/Tuberculosis Segmentation/masks/1561.png
sdXray/datasets/Tuberculosis Segmentation/images/1562.png,sdXray/datasets/Tuberculosis Segmentation/masks/1562.png
sdXray/datasets/Tuberculosis Segmentation/images/1563.png,sdXray/datasets/Tuberculosis Segmentation/masks/1563.png
sdXray/datasets/Tuberculosis Segmentation/images/1564.png,sdXray/datasets/Tuberculosis Segmentation/masks/1564.png
sdXray/datasets/Tuberculosis Segmentation/images/1565.png,sdXray/datasets/Tuberculosis Segmentation/masks/1565.png
sdXray/datasets/Tuberculosis Segmentation/images/1566.png,sdXray/datasets/Tuberculosis Segmentation/masks/1566.png
sdXray/datasets/Tuberculosis Segmentation/images/1567.png,sdXray/datasets/Tuberculosis Segmentation/masks/1567.png
sdXray/datasets/Tuberculosis Segmentation/images/1568.png,sdXray/datasets/Tuberculosis Segmentation/masks/1568.png
sdXray/datasets/Tuberculosis Segmentation/images/1569.png,sdXray/datasets/Tuberculosis Segmentation/masks/1569.png
sdXray/datasets/Tuberculosis Segmentation/images/1570.png,sdXray/datasets/Tuberculosis Segmentation/masks/1570.png
sdXray/datasets/Tuberculosis Segmentation/images/1571.png,sdXray/datasets/Tuberculosis Segmentation/masks/1571.png
sdXray/datasets/Tuberculosis Segmentation/images/1572.png,sdXray/datasets/Tuberculosis Segmentation/masks/1572.png
sdXray/datasets/Tuberculosis Segmentation/images/1573.png,sdXray/datasets/Tuberculosis Segmentation/masks/1573.png
sdXray/datasets/Tuberculosis Segmentation/images/1574.png,sdXray/datasets/Tuberculosis Segmentation/masks/1574.png
sdXray/datasets/Tuberculosis Segmentation/images/1575.png,sdXray/datasets/Tuberculosis Segmentation/masks/1575.png
sdXray/datasets/Tuberculosis Segmentation/images/1576.png,sdXray/datasets/Tuberculosis Segmentation/masks/1576.png
sdXray/datasets/Tuberculosis Segmentation/images/1577.png,sdXray/datasets/Tuberculosis Segmentation/masks/1577.png
sdXray/datasets/Tuberculosis Segmentation/images/1578.png,sdXray/datasets/Tuberculosis Segmentation/masks/1578.png
sdXray/datasets/Tuberculosis Segmentation/images/1579.png,sdXray/datasets/Tuberculosis Segmentation/masks/1579.png
sdXray/datasets/Tuberculosis Segmentation/images/1580.png,sdXray/datasets/Tuberculosis Segmentation/masks/1580.png
sdXray/datasets/Tuberculosis Segmentation/images/1581.png,sdXray/datasets/Tuberculosis Segmentation/masks/1581.png
sdXray/datasets/Tuberculosis Segmentation/images/1582.png,sdXray/datasets/Tuberculosis Segmentation/masks/1582.png
sdXray/datasets/Tuberculosis Segmentation/images/1583.png,sdXray/datasets/Tuberculosis Segmentation/masks/1583.png
sdXray/datasets/Tuberculosis Segmentation/images/1584.png,sdXray/datasets/Tuberculosis Segmentation/masks/1584.png
sdXray/datasets/Tuberculosis Segmentation/images/1585.png,sdXray/datasets/Tuberculosis Segmentation/masks/1585.png
sdXray/datasets/Tuberculosis Segmentation/images/1586.png,sdXray/datasets/Tuberculosis Segmentation/masks/1586.png
sdXray/datasets/Tuberculosis Segmentation/images/1587.png,sdXray/datasets/Tuberculosis Segmentation/masks/1587.png
sdXray/datasets/Tuberculosis Segmentation/images/1588.png,sdXray/datasets/Tuberculosis Segmentation/masks/1588.png
sdXray/datasets/Tuberculosis Segmentation/images/1589.png,sdXray/datasets/Tuberculosis Segmentation/masks/1589.png
sdXray/datasets/Tuberculosis Segmentation/images/1590.png,sdXray/datasets/Tuberculosis Segmentation/masks/1590.png
sdXray/datasets/Tuberculosis Segmentation/images/1591.png,sdXray/datasets/Tuberculosis Segmentation/masks/1591.png
sdXray/datasets/Tuberculosis Segmentation/images/1592.png,sdXray/datasets/Tuberculosis Segmentation/masks/1592.png
sdXray/datasets/Tuberculosis Segmentation/images/1593.png,sdXray/datasets/Tuberculosis Segmentation/masks/1593.png
sdXray/datasets/Tuberculosis Segmentation/images/1594.png,sdXray/datasets/Tuberculosis Segmentation/masks/1594.png
sdXray/datasets/Tuberculosis Segmentation/images/1595.png,sdXray/datasets/Tuberculosis Segmentation/masks/1595.png
sdXray/datasets/Tuberculosis Segmentation/images/1596.png,sdXray/datasets/Tuberculosis Segmentation/masks/1596.png
sdXray/datasets/Tuberculosis Segmentation/images/1597.png,sdXray/datasets/Tuberculosis Segmentation/masks/1597.png
sdXray/datasets/Tuberculosis Segmentation/images/1598.png,sdXray/datasets/Tuberculosis Segmentation/masks/1598.png
sdXray/datasets/Tuberculosis Segmentation/images/1599.png,sdXray/datasets/Tuberculosis Segmentation/masks/1599.png
sdXray/datasets/Tuberculosis Segmentation/images/1600.png,sdXray/datasets/Tuberculosis Segmentation/masks/1600.png
sdXray/datasets/Tuberculosis Segmentation/images/1601.png,sdXray/datasets/Tuberculosis Segmentation/masks/1601.png
sdXray/datasets/Tuberculosis Segmentation/images/1602.png,sdXray/datasets/Tuberculosis Segmentation/masks/1602.png
sdXray/datasets/Tuberculosis Segmentation/images/1603.png,sdXray/datasets/Tuberculosis Segmentation/masks/1603.png
sdXray/datasets/Tuberculosis Segmentation/images/1604.png,sdXray/datasets/Tuberculosis Segmentation/masks/1604.png
sdXray/datasets/Tuberculosis Segmentation/images/1605.png,sdXray/datasets/Tuberculosis Segmentation/masks/1605.png
sdXray/datasets/Tuberculosis Segmentation/images/1606.png,sdXray/datasets/Tuberculosis Segmentation/masks/1606.png
sdXray/datasets/Tuberculosis Segmentation/images/1607.png,sdXray/datasets/Tuberculosis Segmentation/masks/1607.png
sdXray/datasets/Tuberculosis Segmentation/images/1608.png,sdXray/datasets/Tuberculosis Segmentation/masks/1608.png
sdXray/datasets/Tuberculosis Segmentation/images/1609.png,sdXray/datasets/Tuberculosis Segmentation/masks/1609.png
sdXray/datasets/Tuberculosis Segmentation/images/1610.png,sdXray/datasets/Tuberculosis Segmentation/masks/1610.png
sdXray/datasets/Tuberculosis Segmentation/images/1611.png,sdXray/datasets/Tuberculosis Segmentation/masks/1611.png
sdXray/datasets/Tuberculosis Segmentation/images/1612.png,sdXray/datasets/Tuberculosis Segmentation/masks/1612.png
sdXray/datasets/Tuberculosis Segmentation/images/1613.png,sdXray/datasets/Tuberculosis Segmentation/masks/1613.png
sdXray/datasets/Tuberculosis Segmentation/images/1614.png,sdXray/datasets/Tuberculosis Segmentation/masks/1614.png
sdXray/datasets/Tuberculosis Segmentation/images/1615.png,sdXray/datasets/Tuberculosis Segmentation/masks/1615.png
sdXray/datasets/Tuberculosis Segmentation/images/1616.png,sdXray/datasets/Tuberculosis Segmentation/masks/1616.png
sdXray/datasets/Tuberculosis Segmentation/images/1617.png,sdXray/datasets/Tuberculosis Segmentation/masks/1617.png
sdXray/datasets/Tuberculosis Segmentation/images/1618.png,sdXray/datasets/Tuberculosis Segmentation/masks/1618.png
sdXray/datasets/Tuberculosis Segmentation/images/1619.png,sdXray/datasets/Tuberculosis Segmentation/masks/1619.png
sdXray/datasets/Tuberculosis Segmentation/images/1620.png,sdXray/datasets/Tuberculosis Segmentation/masks/1620.png
sdXray/datasets/Tuberculosis Segmentation/images/1621.png,sdXray/datasets/Tuberculosis Segmentation/masks/1621.png
sdXray/datasets/Tuberculosis Segmentation/images/1622.png,sdXray/datasets/Tuberculosis Segmentation/masks/1622.png
sdXray/datasets/Tuberculosis Segmentation/images/1623.png,sdXray/datasets/Tuberculosis Segmentation/masks/1623.png
sdXray/datasets/Tuberculosis Segmentation/images/1624.png,sdXray/datasets/Tuberculosis Segmentation/masks/1624.png
sdXray/datasets/Tuberculosis Segmentation/images/1625.png,sdXray/datasets/Tuberculosis Segmentation/masks/1625.png
sdXray/datasets/Tuberculosis Segmentation/images/1626.png,sdXray/datasets/Tuberculosis Segmentation/masks/1626.png
sdXray/datasets/Tuberculosis Segmentation/images/1627.png,sdXray/datasets/Tuberculosis Segmentation/masks/1627.png
sdXray/datasets/Tuberculosis Segmentation/images/1628.png,sdXray/datasets/Tuberculosis Segmentation/masks/1628.png
sdXray/datasets/Tuberculosis Segmentation/images/1629.png,sdXray/datasets/Tuberculosis Segmentation/masks/1629.png
sdXray/datasets/Tuberculosis Segmentation/images/1630.png,sdXray/datasets/Tuberculosis Segmentation/masks/1630.png
sdXray/datasets/Tuberculosis Segmentation/images/1631.png,sdXray/datasets/Tuberculosis Segmentation/masks/1631.png
sdXray/datasets/Tuberculosis Segmentation/images/1632.png,sdXray/datasets/Tuberculosis Segmentation/masks/1632.png
sdXray/datasets/Tuberculosis Segmentation/images/1633.png,sdXray/datasets/Tuberculosis Segmentation/masks/1633.png
sdXray/datasets/Tuberculosis Segmentation/images/1634.png,sdXray/datasets/Tuberculosis Segmentation/masks/1634.png
sdXray/datasets/Tuberculosis Segmentation/images/1635.png,sdXray/datasets/Tuberculosis Segmentation/masks/1635.png
sdXray/datasets/Tuberculosis Segmentation/images/1636.png,sdXray/datasets/Tuberculosis Segmentation/masks/1636.png
sdXray/datasets/Tuberculosis Segmentation/images/1637.png,sdXray/datasets/Tuberculosis Segmentation/masks/1637.png
sdXray/datasets/Tuberculosis Segmentation/images/1638.png,sdXray/datasets/Tuberculosis Segmentation/masks/1638.png
sdXray/datasets/Tuberculosis Segmentation/images/1639.png,sdXray/datasets/Tuberculosis Segmentation/masks/1639.png
sdXray/datasets/Tuberculosis Segmentation/images/1640.png,sdXray/datasets/Tuberculosis Segmentation/masks/1640.png
sdXray/datasets/Tuberculosis Segmentation/images/1641.png,sdXray/datasets/Tuberculosis Segmentation/masks/1641.png
sdXray/datasets/Tuberculosis Segmentation/images/1642.png,sdXray/datasets/Tuberculosis Segmentation/masks/1642.png
sdXray/datasets/Tuberculosis Segmentation/images/1643.png,sdXray/datasets/Tuberculosis Segmentation/masks/1643.png
sdXray/datasets/Tuberculosis Segmentation/images/1644.png,sdXray/datasets/Tuberculosis Segmentation/masks/1644.png
sdXray/datasets/Tuberculosis Segmentation/images/1645.png,sdXray/datasets/Tuberculosis Segmentation/masks/1645.png
sdXray/datasets/Tuberculosis Segmentation/images/1646.png,sdXray/datasets/Tuberculosis Segmentation/masks/1646.png
sdXray/datasets/Tuberculosis Segmentation/images/1647.png,sdXray/datasets/Tuberculosis Segmentation/masks/1647.png
sdXray/datasets/Tuberculosis Segmentation/images/1648.png,sdXray/datasets/Tuberculosis Segmentation/masks/1648.png
sdXray/datasets/Tuberculosis Segmentation/images/1649.png,sdXray/datasets/Tuberculosis Segmentation/masks/1649.png
sdXray/datasets/Tuberculosis Segmentation/images/1650.png,sdXray/datasets/Tuberculosis Segmentation/masks/1650.png
sdXray/datasets/Tuberculosis Segmentation/images/1651.png,sdXray/datasets/Tuberculosis Segmentation/masks/1651.png
sdXray/datasets/Tuberculosis Segmentation/images/1652.png,sdXray/datasets/Tuberculosis Segmentation/masks/1652.png
sdXray/datasets/Tuberculosis Segmentation/images/1653.png,sdXray/datasets/Tuberculosis Segmentation/masks/1653.png
sdXray/datasets/Tuberculosis Segmentation/images/1654.png,sdXray/datasets/Tuberculosis Segmentation/masks/1654.png
sdXray/datasets/Tuberculosis Segmentation/images/1655.png,sdXray/datasets/Tuberculosis Segmentation/masks/1655.png
sdXray/datasets/Tuberculosis Segmentation/images/1656.png,sdXray/datasets/Tuberculosis Segmentation/masks/1656.png
sdXray/datasets/Tuberculosis Segmentation/images/1657.png,sdXray/datasets/Tuberculosis Segmentation/masks/1657.png
sdXray/datasets/Tuberculosis Segmentation/images/1658.png,sdXray/datasets/Tuberculosis Segmentation/masks/1658.png
sdXray/datasets/Tuberculosis Segmentation/images/1659.png,sdXray/datasets/Tuberculosis Segmentation/masks/1659.png
sdXray/datasets/Tuberculosis Segmentation/images/1660.png,sdXray/datasets/Tuberculosis Segmentation/masks/1660.png
sdXray/datasets/Tuberculosis Segmentation/images/1661.png,sdXray/datasets/Tuberculosis Segmentation/masks/1661.png
sdXray/datasets/Tuberculosis Segmentation/images/1662.png,sdXray/datasets/Tuberculosis Segmentation/masks/1662.png
sdXray/datasets/Tuberculosis Segmentation/images/1663.png,sdXray/datasets/Tuberculosis Segmentation/masks/1663.png
sdXray/datasets/Tuberculosis Segmentation/images/1664.png,sdXray/datasets/Tuberculosis Segmentation/masks/1664.png
sdXray/datasets/Tuberculosis Segmentation/images/1665.png,sdXray/datasets/Tuberculosis Segmentation/masks/1665.png
sdXray/datasets/Tuberculosis Segmentation/images/1666.png,sdXray/datasets/Tuberculosis Segmentation/masks/1666.png
sdXray/datasets/Tuberculosis Segmentation/images/1667.png,sdXray/datasets/Tuberculosis Segmentation/masks/1667.png
sdXray/datasets/Tuberculosis Segmentation/images/1668.png,sdXray/datasets/Tuberculosis Segmentation/masks/1668.png
sdXray/datasets/Tuberculosis Segmentation/images/1669.png,sdXray/datasets/Tuberculosis Segmentation/masks/1669.png
sdXray/datasets/Tuberculosis Segmentation/images/1670.png,sdXray/datasets/Tuberculosis Segmentation/masks/1670.png
sdXray/datasets/Tuberculosis Segmentation/images/1671.png,sdXray/datasets/Tuberculosis Segmentation/masks/1671.png
sdXray/datasets/Tuberculosis Segmentation/images/1672.png,sdXray/datasets/Tuberculosis Segmentation/masks/1672.png
sdXray/datasets/Tuberculosis Segmentation/images/1673.png,sdXray/datasets/Tuberculosis Segmentation/masks/1673.png
sdXray/datasets/Tuberculosis Segmentation/images/1674.png,sdXray/datasets/Tuberculosis Segmentation/masks/1674.png
sdXray/datasets/Tuberculosis Segmentation/images/1675.png,sdXray/datasets/Tuberculosis Segmentation/masks/1675.png
sdXray/datasets/Tuberculosis Segmentation/images/1676.png,sdXray/datasets/Tuberculosis Segmentation/masks/1676.png
sdXray/datasets/Tuberculosis Segmentation/images/1677.png,sdXray/datasets/Tuberculosis Segmentation/masks/1677.png
sdXray/datasets/Tuberculosis Segmentation/images/1678.png,sdXray/datasets/Tuberculosis Segmentation/masks/1678.png
sdXray/datasets/Tuberculosis Segmentation/images/1679.png,sdXray/datasets/Tuberculosis Segmentation/masks/1679.png
sdXray/datasets/Tuberculosis Segmentation/images/1680.png,sdXray/datasets/Tuberculosis Segmentation/masks/1680.png
sdXray/datasets/Tuberculosis Segmentation/images/1681.png,sdXray/datasets/Tuberculosis Segmentation/masks/1681.png
sdXray/datasets/Tuberculosis Segmentation/images/1682.png,sdXray/datasets/Tuberculosis Segmentation/masks/1682.png
sdXray/datasets/Tuberculosis Segmentation/images/1683.png,sdXray/datasets/Tuberculosis Segmentation/masks/1683.png
sdXray/datasets/Tuberculosis Segmentation/images/1684.png,sdXray/datasets/Tuberculosis Segmentation/masks/1684.png
sdXray/datasets/Tuberculosis Segmentation/images/1685.png,sdXray/datasets/Tuberculosis Segmentation/masks/1685.png
sdXray/datasets/Tuberculosis Segmentation/images/1686.png,sdXray/datasets/Tuberculosis Segmentation/masks/1686.png
sdXray/datasets/Tuberculosis Segmentation/images/1687.png,sdXray/datasets/Tuberculosis Segmentation/masks/1687.png
sdXray/datasets/Tuberculosis Segmentation/images/1688.png,sdXray/datasets/Tuberculosis Segmentation/masks/1688.png
sdXray/datasets/Tuberculosis Segmentation/images/1689.png,sdXray/datasets/Tuberculosis Segmentation/masks/1689.png
sdXray/datasets/Tuberculosis Segmentation/images/1690.png,sdXray/datasets/Tuberculosis Segmentation/masks/1690.png
sdXray/datasets/Tuberculosis Segmentation/images/1691.png,sdXray/datasets/Tuberculosis Segmentation/masks/1691.png
sdXray/datasets/Tuberculosis Segmentation/images/1692.png,sdXray/datasets/Tuberculosis Segmentation/masks/1692.png
sdXray/datasets/Tuberculosis Segmentation/images/1693.png,sdXray/datasets/Tuberculosis Segmentation/masks/1693.png
sdXray/datasets/Tuberculosis Segmentation/images/1694.png,sdXray/datasets/Tuberculosis Segmentation/masks/1694.png
sdXray/datasets/Tuberculosis Segmentation/images/1695.png,sdXray/datasets/Tuberculosis Segmentation/masks/1695.png
sdXray/datasets/Tuberculosis Segmentation/images/1696.png,sdXray/datasets/Tuberculosis Segmentation/masks/1696.png
sdXray/datasets/Tuberculosis Segmentation/images/1697.png,sdXray/datasets/Tuberculosis Segmentation/masks/1697.png
sdXray/datasets/Tuberculosis Segmentation/images/1698.png,sdXray/datasets/Tuberculosis Segmentation/masks/1698.png
sdXray/datasets/Tuberculosis Segmentation/images/1699.png,sdXray/datasets/Tuberculosis Segmentation/masks/1699.png
sdXray/datasets/Tuberculosis Segmentation/images/1700.png,sdXray/datasets/Tuberculosis Segmentation/masks/1700.png
sdXray/datasets/Tuberculosis Segmentation/images/1701.png,sdXray/datasets/Tuberculosis Segmentation/masks/1701.png
sdXray/datasets/Tuberculosis Segmentation/images/1702.png,sdXray/datasets/Tuberculosis Segmentation/masks/1702.png
sdXray/datasets/Tuberculosis Segmentation/images/1703.png,sdXray/datasets/Tuberculosis Segmentation/masks/1703.png
