,images,masks
0,images/0.png,masks/0-mask.png
1,images/1.png,masks/1-mask.png
2,images/2.png,masks/2-mask.png
3,images/3.png,masks/3-mask.png
4,images/5.png,masks/5-mask.png
5,images/6.png,masks/6-mask.png
6,images/7.png,masks/7-mask.png
7,images/9.png,masks/9-mask.png
8,images/11.png,masks/11-mask.png
9,images/12.png,masks/12-mask.png
10,images/13.png,masks/13-mask.png
11,images/14.png,masks/14-mask.png
12,images/15.png,masks/15-mask.png
13,images/16.png,masks/16-mask.png
14,images/17.png,masks/17-mask.png
15,images/18.png,masks/18-mask.png
16,images/19.png,masks/19-mask.png
17,images/20.png,masks/20-mask.png
18,images/21.png,masks/21-mask.png
19,images/22.png,masks/22-mask.png
20,images/23.png,masks/23-mask.png
21,images/24.png,masks/24-mask.png
22,images/25.png,masks/25-mask.png
23,images/26.png,masks/26-mask.png
24,images/27.png,masks/27-mask.png
25,images/28.png,masks/28-mask.png
26,images/29.png,masks/29-mask.png
27,images/30.png,masks/30-mask.png
28,images/31.png,masks/31-mask.png
29,images/32.png,masks/32-mask.png
30,images/33.png,masks/33-mask.png
31,images/34.png,masks/34-mask.png
32,images/37.png,masks/37-mask.png
33,images/39.png,masks/39-mask.png
34,images/40.png,masks/40-mask.png
35,images/41.png,masks/41-mask.png
36,images/42.png,masks/42-mask.png
37,images/43.png,masks/43-mask.png
38,images/44.png,masks/44-mask.png
39,images/46.png,masks/46-mask.png
40,images/47.png,masks/47-mask.png
41,images/48.png,masks/48-mask.png
42,images/49.png,masks/49-mask.png
43,images/50.png,masks/50-mask.png
44,images/51.png,masks/51-mask.png
45,images/52.png,masks/52-mask.png
46,images/53.png,masks/53-mask.png
47,images/54.png,masks/54-mask.png
48,images/55.png,masks/55-mask.png
49,images/56.png,masks/56-mask.png
50,images/57.png,masks/57-mask.png
51,images/58.png,masks/58-mask.png
52,images/59.png,masks/59-mask.png
53,images/60.png,masks/60-mask.png
54,images/61.png,masks/61-mask.png
55,images/63.png,masks/63-mask.png
56,images/65.png,masks/65-mask.png
57,images/66.png,masks/66-mask.png
58,images/67.png,masks/67-mask.png
59,images/68.png,masks/68-mask.png
60,images/70.png,masks/70-mask.png
61,images/71.png,masks/71-mask.png
62,images/72.png,masks/72-mask.png
63,images/73.png,masks/73-mask.png
64,images/74.png,masks/74-mask.png
65,images/75.png,masks/75-mask.png
66,images/76.png,masks/76-mask.png
67,images/77.png,masks/77-mask.png
68,images/78.png,masks/78-mask.png
69,images/79.png,masks/79-mask.png
70,images/80.png,masks/80-mask.png
71,images/81.png,masks/81-mask.png
72,images/82.png,masks/82-mask.png
73,images/83.png,masks/83-mask.png
74,images/85.png,masks/85-mask.png
75,images/86.png,masks/86-mask.png
76,images/88.png,masks/88-mask.png
77,images/90.png,masks/90-mask.png
78,images/91.png,masks/91-mask.png
79,images/92.png,masks/92-mask.png
80,images/93.png,masks/93-mask.png
81,images/95.png,masks/95-mask.png
82,images/96.png,masks/96-mask.png
83,images/97.png,masks/97-mask.png
84,images/98.png,masks/98-mask.png
85,images/99.png,masks/99-mask.png
86,images/100.png,masks/100-mask.png
87,images/101.png,masks/101-mask.png
88,images/102.png,masks/102-mask.png
89,images/103.png,masks/103-mask.png
90,images/104.png,masks/104-mask.png
91,images/105.png,masks/105-mask.png
92,images/106.png,masks/106-mask.png
93,images/107.png,masks/107-mask.png
94,images/108.png,masks/108-mask.png
95,images/109.png,masks/109-mask.png
96,images/111.png,masks/111-mask.png
97,images/112.png,masks/112-mask.png
98,images/113.png,masks/113-mask.png
99,images/114.png,masks/114-mask.png
100,images/115.png,masks/115-mask.png
101,images/116.png,masks/116-mask.png
102,images/117.png,masks/117-mask.png
103,images/119.png,masks/119-mask.png
104,images/120.png,masks/120-mask.png
105,images/121.png,masks/121-mask.png
106,images/122.png,masks/122-mask.png
107,images/123.png,masks/123-mask.png
108,images/124.png,masks/124-mask.png
109,images/125.png,masks/125-mask.png
110,images/126.png,masks/126-mask.png
111,images/127.png,masks/127-mask.png
112,images/128.png,masks/128-mask.png
113,images/129.png,masks/129-mask.png
114,images/130.png,masks/130-mask.png
115,images/131.png,masks/131-mask.png
116,images/132.png,masks/132-mask.png
117,images/133.png,masks/133-mask.png
118,images/134.png,masks/134-mask.png
119,images/135.png,masks/135-mask.png
120,images/136.png,masks/136-mask.png
121,images/137.png,masks/137-mask.png
122,images/138.png,masks/138-mask.png
123,images/139.png,masks/139-mask.png
124,images/140.png,masks/140-mask.png
125,images/141.png,masks/141-mask.png
126,images/142.png,masks/142-mask.png
127,images/143.png,masks/143-mask.png
128,images/144.png,masks/144-mask.png
129,images/145.png,masks/145-mask.png
130,images/146.png,masks/146-mask.png
131,images/147.png,masks/147-mask.png
132,images/148.png,masks/148-mask.png
133,images/149.png,masks/149-mask.png
134,images/151.png,masks/151-mask.png
135,images/152.png,masks/152-mask.png
136,images/153.png,masks/153-mask.png
137,images/154.png,masks/154-mask.png
138,images/155.png,masks/155-mask.png
139,images/156.png,masks/156-mask.png
140,images/157.png,masks/157-mask.png
141,images/159.png,masks/159-mask.png
142,images/160.png,masks/160-mask.png
143,images/161.png,masks/161-mask.png
144,images/162.png,masks/162-mask.png
145,images/163.png,masks/163-mask.png
146,images/164.png,masks/164-mask.png
147,images/165.png,masks/165-mask.png
148,images/166.png,masks/166-mask.png
149,images/167.png,masks/167-mask.png
150,images/169.png,masks/169-mask.png
151,images/170.png,masks/170-mask.png
152,images/171.png,masks/171-mask.png
153,images/172.png,masks/172-mask.png
154,images/173.png,masks/173-mask.png
155,images/174.png,masks/174-mask.png
156,images/176.png,masks/176-mask.png
157,images/177.png,masks/177-mask.png
158,images/180.png,masks/180-mask.png
159,images/181.png,masks/181-mask.png
160,images/182.png,masks/182-mask.png
161,images/183.png,masks/183-mask.png
162,images/184.png,masks/184-mask.png
163,images/185.png,masks/185-mask.png
164,images/186.png,masks/186-mask.png
165,images/187.png,masks/187-mask.png
166,images/188.png,masks/188-mask.png
167,images/189.png,masks/189-mask.png
168,images/190.png,masks/190-mask.png
169,images/191.png,masks/191-mask.png
170,images/192.png,masks/192-mask.png
171,images/193.png,masks/193-mask.png
172,images/194.png,masks/194-mask.png
173,images/195.png,masks/195-mask.png
174,images/196.png,masks/196-mask.png
175,images/197.png,masks/197-mask.png
176,images/198.png,masks/198-mask.png
177,images/199.png,masks/199-mask.png
178,images/200.png,masks/200-mask.png
179,images/201.png,masks/201-mask.png
180,images/202.png,masks/202-mask.png
181,images/203.png,masks/203-mask.png
182,images/204.png,masks/204-mask.png
183,images/205.png,masks/205-mask.png
184,images/206.png,masks/206-mask.png
185,images/207.png,masks/207-mask.png
186,images/209.png,masks/209-mask.png
187,images/211.png,masks/211-mask.png
188,images/212.png,masks/212-mask.png
189,images/213.png,masks/213-mask.png
190,images/214.png,masks/214-mask.png
191,images/215.png,masks/215-mask.png
192,images/216.png,masks/216-mask.png
193,images/217.png,masks/217-mask.png
194,images/218.png,masks/218-mask.png
195,images/220.png,masks/220-mask.png
196,images/221.png,masks/221-mask.png
197,images/222.png,masks/222-mask.png
198,images/224.png,masks/224-mask.png
199,images/225.png,masks/225-mask.png
200,images/226.png,masks/226-mask.png
201,images/227.png,masks/227-mask.png
202,images/228.png,masks/228-mask.png
203,images/230.png,masks/230-mask.png
204,images/231.png,masks/231-mask.png
205,images/232.png,masks/232-mask.png
206,images/233.png,masks/233-mask.png
207,images/235.png,masks/235-mask.png
208,images/236.png,masks/236-mask.png
209,images/237.png,masks/237-mask.png
210,images/238.png,masks/238-mask.png
211,images/239.png,masks/239-mask.png
212,images/240.png,masks/240-mask.png
213,images/241.png,masks/241-mask.png
214,images/242.png,masks/242-mask.png
215,images/243.png,masks/243-mask.png
216,images/244.png,masks/244-mask.png
217,images/245.png,masks/245-mask.png
218,images/246.png,masks/246-mask.png
219,images/247.png,masks/247-mask.png
220,images/248.png,masks/248-mask.png
221,images/249.png,masks/249-mask.png
222,images/250.png,masks/250-mask.png
223,images/251.png,masks/251-mask.png
224,images/252.png,masks/252-mask.png
225,images/253.png,masks/253-mask.png
226,images/254.png,masks/254-mask.png
227,images/255.png,masks/255-mask.png
228,images/258.png,masks/258-mask.png
229,images/259.png,masks/259-mask.png
230,images/260.png,masks/260-mask.png
231,images/261.png,masks/261-mask.png
232,images/262.png,masks/262-mask.png
233,images/263.png,masks/263-mask.png
234,images/265.png,masks/265-mask.png
235,images/266.png,masks/266-mask.png
236,images/267.png,masks/267-mask.png
237,images/268.png,masks/268-mask.png
238,images/269.png,masks/269-mask.png
239,images/270.png,masks/270-mask.png
240,images/271.png,masks/271-mask.png
241,images/272.png,masks/272-mask.png
242,images/274.png,masks/274-mask.png
243,images/275.png,masks/275-mask.png
244,images/277.png,masks/277-mask.png
245,images/278.png,masks/278-mask.png
246,images/279.png,masks/279-mask.png
247,images/280.png,masks/280-mask.png
248,images/282.png,masks/282-mask.png
249,images/283.png,masks/283-mask.png
250,images/284.png,masks/284-mask.png
251,images/285.png,masks/285-mask.png
252,images/286.png,masks/286-mask.png
253,images/287.png,masks/287-mask.png
254,images/288.png,masks/288-mask.png
255,images/289.png,masks/289-mask.png
256,images/290.png,masks/290-mask.png
257,images/291.png,masks/291-mask.png
258,images/292.png,masks/292-mask.png
259,images/293.png,masks/293-mask.png
260,images/294.png,masks/294-mask.png
261,images/295.png,masks/295-mask.png
262,images/297.png,masks/297-mask.png
263,images/298.png,masks/298-mask.png
264,images/299.png,masks/299-mask.png
265,images/300.png,masks/300-mask.png
266,images/301.png,masks/301-mask.png
267,images/302.png,masks/302-mask.png
268,images/303.png,masks/303-mask.png
269,images/304.png,masks/304-mask.png
270,images/305.png,masks/305-mask.png
271,images/306.png,masks/306-mask.png
272,images/307.png,masks/307-mask.png
273,images/308.png,masks/308-mask.png
274,images/309.png,masks/309-mask.png
275,images/310.png,masks/310-mask.png
276,images/311.png,masks/311-mask.png
277,images/312.png,masks/312-mask.png
278,images/313.png,masks/313-mask.png
279,images/314.png,masks/314-mask.png
280,images/315.png,masks/315-mask.png
281,images/316.png,masks/316-mask.png
282,images/317.png,masks/317-mask.png
283,images/318.png,masks/318-mask.png
284,images/319.png,masks/319-mask.png
285,images/320.png,masks/320-mask.png
286,images/321.png,masks/321-mask.png
287,images/322.png,masks/322-mask.png
288,images/324.png,masks/324-mask.png
289,images/325.png,masks/325-mask.png
290,images/326.png,masks/326-mask.png
291,images/327.png,masks/327-mask.png
292,images/328.png,masks/328-mask.png
293,images/329.png,masks/329-mask.png
294,images/330.png,masks/330-mask.png
295,images/332.png,masks/332-mask.png
296,images/333.png,masks/333-mask.png
297,images/334.png,masks/334-mask.png
298,images/335.png,masks/335-mask.png
299,images/336.png,masks/336-mask.png
300,images/338.png,masks/338-mask.png
301,images/339.png,masks/339-mask.png
302,images/340.png,masks/340-mask.png
303,images/342.png,masks/342-mask.png
304,images/343.png,masks/343-mask.png
305,images/344.png,masks/344-mask.png
306,images/345.png,masks/345-mask.png
307,images/346.png,masks/346-mask.png
308,images/347.png,masks/347-mask.png
309,images/348.png,masks/348-mask.png
310,images/349.png,masks/349-mask.png
311,images/350.png,masks/350-mask.png
312,images/351.png,masks/351-mask.png
313,images/352.png,masks/352-mask.png
314,images/353.png,masks/353-mask.png
315,images/355.png,masks/355-mask.png
316,images/357.png,masks/357-mask.png
317,images/358.png,masks/358-mask.png
318,images/359.png,masks/359-mask.png
319,images/360.png,masks/360-mask.png
320,images/363.png,masks/363-mask.png
321,images/364.png,masks/364-mask.png
322,images/366.png,masks/366-mask.png
323,images/367.png,masks/367-mask.png
324,images/368.png,masks/368-mask.png
325,images/369.png,masks/369-mask.png
326,images/370.png,masks/370-mask.png
327,images/373.png,masks/373-mask.png
328,images/374.png,masks/374-mask.png
329,images/375.png,masks/375-mask.png
330,images/376.png,masks/376-mask.png
331,images/377.png,masks/377-mask.png
332,images/378.png,masks/378-mask.png
333,images/379.png,masks/379-mask.png
334,images/380.png,masks/380-mask.png
335,images/381.png,masks/381-mask.png
336,images/382.png,masks/382-mask.png
337,images/383.png,masks/383-mask.png
338,images/384.png,masks/384-mask.png
339,images/385.png,masks/385-mask.png
340,images/387.png,masks/387-mask.png
341,images/388.png,masks/388-mask.png
342,images/389.png,masks/389-mask.png
343,images/390.png,masks/390-mask.png
344,images/391.png,masks/391-mask.png
345,images/393.png,masks/393-mask.png
346,images/394.png,masks/394-mask.png
347,images/395.png,masks/395-mask.png
348,images/396.png,masks/396-mask.png
349,images/397.png,masks/397-mask.png
350,images/398.png,masks/398-mask.png
351,images/399.png,masks/399-mask.png
352,images/400.png,masks/400-mask.png
353,images/401.png,masks/401-mask.png
354,images/402.png,masks/402-mask.png
355,images/404.png,masks/404-mask.png
356,images/405.png,masks/405-mask.png
357,images/406.png,masks/406-mask.png
358,images/407.png,masks/407-mask.png
359,images/408.png,masks/408-mask.png
360,images/409.png,masks/409-mask.png
361,images/410.png,masks/410-mask.png
362,images/412.png,masks/412-mask.png
363,images/413.png,masks/413-mask.png
364,images/414.png,masks/414-mask.png
365,images/415.png,masks/415-mask.png
366,images/416.png,masks/416-mask.png
367,images/417.png,masks/417-mask.png
368,images/418.png,masks/418-mask.png
369,images/419.png,masks/419-mask.png
370,images/420.png,masks/420-mask.png
371,images/421.png,masks/421-mask.png
372,images/422.png,masks/422-mask.png
373,images/423.png,masks/423-mask.png
374,images/424.png,masks/424-mask.png
375,images/425.png,masks/425-mask.png
376,images/426.png,masks/426-mask.png
377,images/427.png,masks/427-mask.png
378,images/428.png,masks/428-mask.png
379,images/429.png,masks/429-mask.png
380,images/430.png,masks/430-mask.png
381,images/431.png,masks/431-mask.png
382,images/432.png,masks/432-mask.png
383,images/433.png,masks/433-mask.png
384,images/435.png,masks/435-mask.png
385,images/436.png,masks/436-mask.png
386,images/437.png,masks/437-mask.png
387,images/438.png,masks/438-mask.png
388,images/439.png,masks/439-mask.png
389,images/440.png,masks/440-mask.png
390,images/443.png,masks/443-mask.png
391,images/444.png,masks/444-mask.png
392,images/445.png,masks/445-mask.png
393,images/446.png,masks/446-mask.png
394,images/448.png,masks/448-mask.png
395,images/449.png,masks/449-mask.png
396,images/450.png,masks/450-mask.png
397,images/451.png,masks/451-mask.png
398,images/452.png,masks/452-mask.png
399,images/453.png,masks/453-mask.png
400,images/455.png,masks/455-mask.png
401,images/456.png,masks/456-mask.png
402,images/457.png,masks/457-mask.png
403,images/459.png,masks/459-mask.png
404,images/460.png,masks/460-mask.png
405,images/461.png,masks/461-mask.png
406,images/462.png,masks/462-mask.png
407,images/463.png,masks/463-mask.png
408,images/464.png,masks/464-mask.png
409,images/465.png,masks/465-mask.png
410,images/466.png,masks/466-mask.png
411,images/467.png,masks/467-mask.png
412,images/468.png,masks/468-mask.png
413,images/469.png,masks/469-mask.png
414,images/470.png,masks/470-mask.png
415,images/471.png,masks/471-mask.png
416,images/472.png,masks/472-mask.png
417,images/473.png,masks/473-mask.png
418,images/474.png,masks/474-mask.png
419,images/475.png,masks/475-mask.png
420,images/478.png,masks/478-mask.png
421,images/479.png,masks/479-mask.png
422,images/480.png,masks/480-mask.png
423,images/481.png,masks/481-mask.png
424,images/482.png,masks/482-mask.png
425,images/483.png,masks/483-mask.png
426,images/484.png,masks/484-mask.png
427,images/485.png,masks/485-mask.png
428,images/487.png,masks/487-mask.png
429,images/489.png,masks/489-mask.png
430,images/490.png,masks/490-mask.png
431,images/491.png,masks/491-mask.png
432,images/492.png,masks/492-mask.png
433,images/493.png,masks/493-mask.png
434,images/494.png,masks/494-mask.png
435,images/495.png,masks/495-mask.png
436,images/496.png,masks/496-mask.png
437,images/497.png,masks/497-mask.png
438,images/498.png,masks/498-mask.png
439,images/499.png,masks/499-mask.png
440,images/500.png,masks/500-mask.png
441,images/501.png,masks/501-mask.png
442,images/502.png,masks/502-mask.png
443,images/503.png,masks/503-mask.png
444,images/504.png,masks/504-mask.png
445,images/505.png,masks/505-mask.png
446,images/506.png,masks/506-mask.png
447,images/507.png,masks/507-mask.png
448,images/508.png,masks/508-mask.png
449,images/509.png,masks/509-mask.png
450,images/510.png,masks/510-mask.png
451,images/511.png,masks/511-mask.png
452,images/512.png,masks/512-mask.png
453,images/513.png,masks/513-mask.png
454,images/514.png,masks/514-mask.png
455,images/515.png,masks/515-mask.png
456,images/516.png,masks/516-mask.png
457,images/517.png,masks/517-mask.png
458,images/518.png,masks/518-mask.png
459,images/519.png,masks/519-mask.png
460,images/520.png,masks/520-mask.png
461,images/521.png,masks/521-mask.png
462,images/522.png,masks/522-mask.png
463,images/523.png,masks/523-mask.png
464,images/524.png,masks/524-mask.png
465,images/525.png,masks/525-mask.png
466,images/526.png,masks/526-mask.png
467,images/527.png,masks/527-mask.png
468,images/528.png,masks/528-mask.png
469,images/529.png,masks/529-mask.png
470,images/531.png,masks/531-mask.png
471,images/532.png,masks/532-mask.png
472,images/533.png,masks/533-mask.png
473,images/534.png,masks/534-mask.png
474,images/535.png,masks/535-mask.png
475,images/536.png,masks/536-mask.png
476,images/537.png,masks/537-mask.png
477,images/539.png,masks/539-mask.png
478,images/540.png,masks/540-mask.png
479,images/541.png,masks/541-mask.png
480,images/542.png,masks/542-mask.png
481,images/543.png,masks/543-mask.png
482,images/544.png,masks/544-mask.png
483,images/545.png,masks/545-mask.png
484,images/546.png,masks/546-mask.png
485,images/547.png,masks/547-mask.png
486,images/548.png,masks/548-mask.png
487,images/549.png,masks/549-mask.png
488,images/550.png,masks/550-mask.png
489,images/551.png,masks/551-mask.png
490,images/552.png,masks/552-mask.png
491,images/553.png,masks/553-mask.png
492,images/554.png,masks/554-mask.png
493,images/555.png,masks/555-mask.png
494,images/556.png,masks/556-mask.png
495,images/558.png,masks/558-mask.png
496,images/559.png,masks/559-mask.png
497,images/560.png,masks/560-mask.png
498,images/561.png,masks/561-mask.png
499,images/562.png,masks/562-mask.png
500,images/564.png,masks/564-mask.png
501,images/565.png,masks/565-mask.png
502,images/566.png,masks/566-mask.png
503,images/567.png,masks/567-mask.png
504,images/568.png,masks/568-mask.png
505,images/569.png,masks/569-mask.png
506,images/570.png,masks/570-mask.png
507,images/571.png,masks/571-mask.png
508,images/572.png,masks/572-mask.png
509,images/573.png,masks/573-mask.png
510,images/574.png,masks/574-mask.png
511,images/576.png,masks/576-mask.png
512,images/577.png,masks/577-mask.png
513,images/579.png,masks/579-mask.png
514,images/580.png,masks/580-mask.png
515,images/581.png,masks/581-mask.png
516,images/582.png,masks/582-mask.png
517,images/583.png,masks/583-mask.png
518,images/584.png,masks/584-mask.png
519,images/585.png,masks/585-mask.png
520,images/586.png,masks/586-mask.png
521,images/587.png,masks/587-mask.png
522,images/589.png,masks/589-mask.png
523,images/590.png,masks/590-mask.png
524,images/591.png,masks/591-mask.png
525,images/592.png,masks/592-mask.png
526,images/593.png,masks/593-mask.png
527,images/594.png,masks/594-mask.png
528,images/595.png,masks/595-mask.png
529,images/596.png,masks/596-mask.png
530,images/597.png,masks/597-mask.png
531,images/599.png,masks/599-mask.png
532,images/600.png,masks/600-mask.png
533,images/601.png,masks/601-mask.png
534,images/602.png,masks/602-mask.png
535,images/603.png,masks/603-mask.png
536,images/604.png,masks/604-mask.png
537,images/605.png,masks/605-mask.png
538,images/606.png,masks/606-mask.png
539,images/607.png,masks/607-mask.png
540,images/608.png,masks/608-mask.png
541,images/609.png,masks/609-mask.png
542,images/610.png,masks/610-mask.png
543,images/611.png,masks/611-mask.png
544,images/613.png,masks/613-mask.png
545,images/615.png,masks/615-mask.png
546,images/616.png,masks/616-mask.png
547,images/617.png,masks/617-mask.png
548,images/619.png,masks/619-mask.png
549,images/620.png,masks/620-mask.png
550,images/621.png,masks/621-mask.png
551,images/622.png,masks/622-mask.png
552,images/623.png,masks/623-mask.png
553,images/624.png,masks/624-mask.png
554,images/625.png,masks/625-mask.png
555,images/626.png,masks/626-mask.png
556,images/627.png,masks/627-mask.png
557,images/629.png,masks/629-mask.png
558,images/631.png,masks/631-mask.png
559,images/633.png,masks/633-mask.png
560,images/634.png,masks/634-mask.png
561,images/635.png,masks/635-mask.png
562,images/636.png,masks/636-mask.png
563,images/640.png,masks/640-mask.png
564,images/641.png,masks/641-mask.png
565,images/642.png,masks/642-mask.png
566,images/643.png,masks/643-mask.png
567,images/644.png,masks/644-mask.png
568,images/645.png,masks/645-mask.png
569,images/646.png,masks/646-mask.png
570,images/647.png,masks/647-mask.png
571,images/648.png,masks/648-mask.png
572,images/649.png,masks/649-mask.png
573,images/650.png,masks/650-mask.png
574,images/651.png,masks/651-mask.png
575,images/652.png,masks/652-mask.png
576,images/653.png,masks/653-mask.png
577,images/654.png,masks/654-mask.png
578,images/655.png,masks/655-mask.png
579,images/656.png,masks/656-mask.png
580,images/657.png,masks/657-mask.png
581,images/659.png,masks/659-mask.png
582,images/661.png,masks/661-mask.png
583,images/662.png,masks/662-mask.png
584,images/663.png,masks/663-mask.png
585,images/664.png,masks/664-mask.png
586,images/665.png,masks/665-mask.png
587,images/666.png,masks/666-mask.png
588,images/667.png,masks/667-mask.png
589,images/668.png,masks/668-mask.png
590,images/669.png,masks/669-mask.png
591,images/671.png,masks/671-mask.png
592,images/672.png,masks/672-mask.png
593,images/675.png,masks/675-mask.png
594,images/676.png,masks/676-mask.png
595,images/677.png,masks/677-mask.png
596,images/678.png,masks/678-mask.png
597,images/679.png,masks/679-mask.png
598,images/680.png,masks/680-mask.png
599,images/681.png,masks/681-mask.png
600,images/682.png,masks/682-mask.png
601,images/683.png,masks/683-mask.png
602,images/684.png,masks/684-mask.png
603,images/685.png,masks/685-mask.png
604,images/687.png,masks/687-mask.png
605,images/688.png,masks/688-mask.png
606,images/689.png,masks/689-mask.png
607,images/690.png,masks/690-mask.png
608,images/691.png,masks/691-mask.png
609,images/692.png,masks/692-mask.png
610,images/693.png,masks/693-mask.png
611,images/694.png,masks/694-mask.png
612,images/695.png,masks/695-mask.png
613,images/696.png,masks/696-mask.png
614,images/697.png,masks/697-mask.png
615,images/698.png,masks/698-mask.png
616,images/699.png,masks/699-mask.png
617,images/700.png,masks/700-mask.png
618,images/702.png,masks/702-mask.png
619,images/703.png,masks/703-mask.png
620,images/704.png,masks/704-mask.png
621,images/705.png,masks/705-mask.png
622,images/706.png,masks/706-mask.png
623,images/707.png,masks/707-mask.png
624,images/708.png,masks/708-mask.png
625,images/709.png,masks/709-mask.png
626,images/710.png,masks/710-mask.png
627,images/712.png,masks/712-mask.png
628,images/713.png,masks/713-mask.png
629,images/714.png,masks/714-mask.png
630,images/715.png,masks/715-mask.png
631,images/716.png,masks/716-mask.png
632,images/717.png,masks/717-mask.png
633,images/718.png,masks/718-mask.png
634,images/719.png,masks/719-mask.png
635,images/720.png,masks/720-mask.png
636,images/721.png,masks/721-mask.png
637,images/722.png,masks/722-mask.png
638,images/723.png,masks/723-mask.png
639,images/724.png,masks/724-mask.png
640,images/725.png,masks/725-mask.png
641,images/726.png,masks/726-mask.png
642,images/727.png,masks/727-mask.png
643,images/728.png,masks/728-mask.png
644,images/729.png,masks/729-mask.png
645,images/730.png,masks/730-mask.png
646,images/731.png,masks/731-mask.png
647,images/732.png,masks/732-mask.png
648,images/733.png,masks/733-mask.png
649,images/735.png,masks/735-mask.png
650,images/736.png,masks/736-mask.png
651,images/737.png,masks/737-mask.png
652,images/738.png,masks/738-mask.png
653,images/739.png,masks/739-mask.png
654,images/740.png,masks/740-mask.png
655,images/741.png,masks/741-mask.png
656,images/742.png,masks/742-mask.png
657,images/743.png,masks/743-mask.png
658,images/744.png,masks/744-mask.png
659,images/746.png,masks/746-mask.png
660,images/747.png,masks/747-mask.png
661,images/748.png,masks/748-mask.png
662,images/749.png,masks/749-mask.png
663,images/750.png,masks/750-mask.png
664,images/751.png,masks/751-mask.png
665,images/752.png,masks/752-mask.png
666,images/753.png,masks/753-mask.png
667,images/754.png,masks/754-mask.png
668,images/755.png,masks/755-mask.png
669,images/756.png,masks/756-mask.png
670,images/757.png,masks/757-mask.png
671,images/759.png,masks/759-mask.png
672,images/760.png,masks/760-mask.png
673,images/762.png,masks/762-mask.png
674,images/763.png,masks/763-mask.png
675,images/764.png,masks/764-mask.png
676,images/765.png,masks/765-mask.png
677,images/766.png,masks/766-mask.png
678,images/767.png,masks/767-mask.png
679,images/768.png,masks/768-mask.png
680,images/769.png,masks/769-mask.png
681,images/770.png,masks/770-mask.png
682,images/772.png,masks/772-mask.png
683,images/773.png,masks/773-mask.png
684,images/774.png,masks/774-mask.png
685,images/777.png,masks/777-mask.png
686,images/778.png,masks/778-mask.png
687,images/779.png,masks/779-mask.png
688,images/780.png,masks/780-mask.png
689,images/781.png,masks/781-mask.png
690,images/783.png,masks/783-mask.png
691,images/784.png,masks/784-mask.png
692,images/785.png,masks/785-mask.png
693,images/786.png,masks/786-mask.png
694,images/787.png,masks/787-mask.png
695,images/788.png,masks/788-mask.png
696,images/790.png,masks/790-mask.png
697,images/791.png,masks/791-mask.png
698,images/792.png,masks/792-mask.png
699,images/793.png,masks/793-mask.png
700,images/794.png,masks/794-mask.png
701,images/795.png,masks/795-mask.png
702,images/796.png,masks/796-mask.png
703,images/797.png,masks/797-mask.png
